id,name,image,width,height
27,"CERELAC MIXED FRUIT 200G",/products/cerelac-mixed-fruit-200g.jpg,333,365
902,"CANTU KIDS LEAVE-IN-CONDITIONER 10OZ",/products/cantu-kids-leave-in-conditioner-10oz.png,300,300
911,"TGIN ROSE WATER CURL REFRESHER 8 OZ",/products/tgin-rose-water-curl-refresher-8-oz.png,330,330
880,"DREAM KIDS ANTI-BREAKAGE HAIR CREAM 170G",/products/dream-kids-anti-breakage-hair-cream-170g.png,280,280
915,"TGIN MIRACLE REPAIRX CPR PROTEIN TREATMEANT 12OZ",/products/tgin-miracle-repairx-cpr-protein-treatmeant-12oz.png,308,330
933,"AMPRO SHINE N JAM WITCH HAZEL THERAPEUTIC RENEWAL DROPS 4OZ",/products/ampro-shine-n-jam-witch-hazel-therapeutic-renewal-drops-4oz.png,330,330
726,"PARADONTAX WHITENING TOOTH PASTE",/products/paradontax-whitening-tooth-paste.jpg,362,363
969,"AUNT JACKIE'S KIDS MOISTURE RICH CURLING & TWISTING CUSTARD 15 OZ",/products/aunt-jackie-s-kids-moisture-rich-curling-twisting-custard-15-oz.jpg,367,480
730,"ORAL B ELECTRIC BRUSH ADULT",/products/oral-b-electric-brush-adult.jpg,193,480
746,"ELMEX ADULTES DENTIFRICE ANTI-CARIES 75ML",/products/elmex-adultes-dentifrice-anti-caries-75ml.png,500,137
1796,"FOLIGAIN® Minoxidil 2% Hair Regrowth Treatment For Women (Export Only)",/products/foligain-minoxidil-2-hair-regrowth-treatment-for-women-export-only.png,400,383
191,"BOTTLE BRUSH 3 IN 1",/products/bottle-brush-3-in-1.jpg,136,416
1279,"BONI BROSSE A DENT MEDIUM 2 PACK",/products/boni-brosse-a-dent-medium-2-pack.png,295,500
196,"CUP ADVANCED 12M+",/products/cup-advanced-12m.jpg,312,182
236,"MUNCHKIN SPLASH BOWLS 2PK",/products/munchkin-splash-bowls-2pk.png,160,160
250,"MUNCHKIN FRESH FOOD FEEDER",/products/munchkin-fresh-food-feeder.png,225,225
449,"LABELLO STRAWBERRY SHINE 24H",/products/labello-strawberry-shine-24h.png,162,296
473,"LABELLO MEDI REPAIR LIP BALM 4.8G SPF 15",/products/labello-medi-repair-lip-balm-4-8g-spf-15.jpg,188,320
281,"PAMPERS DIAPERS  S6 16KG+, JP44",/products/pampers-diapers-s6-16kg-jp44.png,183,275
1199,"FIRST AID KIT FOR CAR",/products/first-aid-kit-for-car.png,384,384
340,"OB Tampons - Pro-Comfort Super 16 pieces",/products/ob-tampons-pro-comfort-super-16-pieces.jpg,593,334
347,"U kotex pantyliner regular 100'",/products/u-kotex-pantyliner-regular-100.jpg,380,315
34,"COW&GATE POTS  FRUITS  (APPLE,MANG, PF) 4-6M+",/products/cow-gate-pots-fruits-apple-mang-pf-4-6m.png,392,468
1700,"PRAN NOODLES VEGETABLES FLAVOURS 10 PACK",/products/pran-noodles-vegetables-flavours-10-pack.png,225,225
408,"Labello Lipcare - Classic 4.8 gr.",/products/labello-lipcare-classic-4-8-gr.jpg,170,320
42,"LULU VITABIS BABY BISCUIT 12M+",/products/lulu-vitabis-baby-biscuit-12m.png,500,246
421,"LABELLO 24H MELT-IN SUN PROTECTOR SPF 30",/products/labello-24h-melt-in-sun-protector-spf-30.png,317,319
1737,"YVES ROCHER LAIT APAISANT HAMAMELIS 400ML",/products/yves-rocher-lait-apaisant-hamamelis-400ml.png,259,760
485,"NIVEA Q10 HAND CREAM 30ML",/products/nivea-q10-hand-cream-30ml.jpg,375,375
499,"VEET CREAM SENSITIVE 100ML",/products/veet-cream-sensitive-100ml.jpg,397,468
1733,"BEL-DAME LAIT CORPS ÉCLAIR WHITE 500ML",/products/bel-dame-lait-corps-clair-white-500ml.png,137,287
1774,"PENIMAX ORGASM SLOWING PENIS GEL 50ML",/products/penimax-orgasm-slowing-penis-gel-50ml.png,306,306
1785,"STAY HARD DELAY SPRAY PEN",/products/stay-hard-delay-spray-pen.png,306,306
477,"DERMOL EMOLLIENT CREAM 500ML",/products/dermol-emollient-cream-500ml.png,313,313
751,"PARODONTAX COMPLETE PROTECTION 75ML",/products/parodontax-complete-protection-75ml.png,380,368
771,"PARODONTAX ACTIVE GUM REPAIR 75ML",/products/parodontax-active-gum-repair-75ml.png,494,182
777,"ELMEX DENTIFRICE ADULTE SENSITIVE 75ML",/products/elmex-dentifrice-adulte-sensitive-75ml.png,285,285
479,"DERMOL EMOLLIENT BATH 600ML",/products/dermol-emollient-bath-600ml.png,312,312
1348,"BREAST SHELLS",/products/breast-shells.png,127,117
785,"listerine freshburst 95ml pocket size",/products/listerine-freshburst-95ml-pocket-size.jpg,325,366
800,"ELMEX SENSITIVE MOUTH WASH 100ML",/products/elmex-sensitive-mouth-wash-100ml.jpg,98,320
1871,"URIAGE XEMOSE BAUME OLEO-APAISANT ANTI-IRRITATION 400ML",/products/uriage-xemose-baume-oleo-apaisant-anti-irritation-400ml.png,336,600
831,"WISDOM NEW FLOSS HARPS*30",/products/wisdom-new-floss-harps-30.png,377,506
904,"CANTU KIDS CURLING CREAM 8 OZ",/products/cantu-kids-curling-cream-8-oz.jpg,300,300
912,"TGIN ROSE WATER HYDRATING STYLING LOTION 8OZ",/products/tgin-rose-water-hydrating-styling-lotion-8oz.png,330,330
1020,"WOMEN'S FASHION ACETATE OPTICAL FRAMES READY STOCK",/products/women-s-fashion-acetate-optical-frames-ready-stock.png,454,212
1926,"DROPS ORBIT STRONG MINT  16 PCS",/products/drops-orbit-strong-mint-16-pcs.png,300,300
1927,"ORBIT CHEWING GUM WHITE STRAWBERRY 10 PELLETS",/products/orbit-chewing-gum-white-strawberry-10-pellets.png,125,125
1929,"ORBIT CHEWING GUM WHITE SPEARMINT 10 PELLETS",/products/orbit-chewing-gum-white-spearmint-10-pellets.png,125,125
335,"OB Tampons - Original Normal 16 pieces",/products/ob-tampons-original-normal-16-pieces.jpg,399,400
290,"CHICCO NAPY CREAM 100ML",/products/chicco-napy-cream-100ml.jpg,188,500
346,"U kotex tampons super plus 16'",/products/u-kotex-tampons-super-plus-16.jpg,372,392
997,"NYLON LENSES(RED) #CTR100 (96%-100% TINT)",/products/nylon-lenses-red-ctr100-96-100-tint.jpg,172,320
768,"SENSODYNE SENSITIVITY & GUM 75ML",/products/sensodyne-sensitivity-gum-75ml.png,382,306
1030,"LUXURY ROUND OPTICAL SPECTACLE FRAMES FOR WOMEN",/products/luxury-round-optical-spectacle-frames-for-women.png,448,212
1022,"HIGH-QUALITY AVIATOR ACETATE EYEWEAR FOR MEN",/products/high-quality-aviator-acetate-eyewear-for-men.png,428,236
1033,"CAT EYE ACETATE EYEWEAR EXECUTIVE FRAMES FOR WOMEN",/products/cat-eye-acetate-eyewear-executive-frames-for-women.png,440,184
769,"ELMEX ADULT CARIE PROTECTION PLUS COMPLETE PROTECTION 75ML",/products/elmex-adult-carie-protection-plus-complete-protection-75ml.png,222,320
377,"ALWAYS DAILY FRESH NORMAL SLIPPER LINERS 30 PCS",/products/always-daily-fresh-normal-slipper-liners-30-pcs.png,285,285
1023,"NEW DESIGN ACETATE EYEWEAR MANUFACTURERS IN CHINA",/products/new-design-acetate-eyewear-manufacturers-in-china.png,444,227
362,"VAGISIL INTIMATE WASH 250ML ULTRAFRESH",/products/vagisil-intimate-wash-250ml.jpg,323,800
737,"SENSODYNE RAPID ACTION 75ML",/products/sensodyne-rapid-action-75ml.png,337,289
761,"ORAL-B ELECTRIC TOOTHBRUSH THE IO SERIES BLACK",/products/oral-b-electric-toothbrush-the-io-series-black.jpg,194,870
8,"NUTRILON  N0  3+ 800G",/products/nutrilon-n0-3-800g.jpg,360,360
1162,"BROSSE A DENTS BEBE PEPPA PIG 2 ROOMS",/products/brosse-a-dents-bebe-peppa-pig-2-rooms.png,384,384
105,"MILK TEETH TOOTHBRUSH 3-6 YEARS",/products/milk-teeth-toothbrush-3-6-years.jpg,214,612
239,"MUNCHKIN GENTLE TRANSITION TRAINER CUP 125ML",/products/munchkin-gentle-transition-trainer-cup-125ml.jpg,160,160
872,"SECRET ALUMINIUM FREE 48H, PH BALANCED LEVENDER",/products/secret-aluminium-free-48h-ph-balanced-levender.png,542,378
12,"APTAMIK FIRST MILK 0-6 MONTHS 800G",/products/aptamik-first-milk-0-6-months-800g.png,300,300
1747,"ODOREX 0% PARFUM DEO SPRAY 150ML 48H",/products/odorex-0-parfum-deo-spray-150ml-48h.png,173,291
117,"BEBECONFORT SET OF 3 TOOTHBRUSHES",/products/bebeconfort-set-of-3-toothbrushes.jpg,225,225
14,"APTAMIL GROWING UP MILK 1YR+ 800G",/products/aptamil-growing-up-milk-1yr-800g.png,300,300
22,"CERELAC REGULAR WHEAT 500G",/products/cerelac-regular-wheat-500g.jpg,314,314
298,"CHICCO ANTI-MOSQUITO SPRAY FOR BABIES",/products/chicco-anti-mosquito-spray-for-babies.jpg,346,612
72,"ELMEX JUNIOR TOOTH PASTE 6-12",/products/elmex-junior-tooth-paste-6-12.jpg,500,159
1327,"ELGYDIUM DENTIFRICE JUNIOR   7-12  ANS 50ML",/products/elgydium-dentifrice-junior-7-12-ans-50ml.png,297,297
1375,"TOOTHPASTE APPLEBANANA 6-24M NO FLUORIDE",/products/toothpaste-applebanana-6-24m-no-fluoride.jpg,45,93
308,"DETTOL WIPES",/products/dettol-wipes.jpg,556,300
1376,"TOOTHPASTE STRAWBERRY 1-5Y NO FLUORIDE",/products/toothpaste-strawberry-1-5y-no-fluoride.jpg,45,92
29,"COW&GATE BANANA PORRIDGE 4-6 M",/products/cow-gate-banana-porridge-4-6-m.png,338,338
296,"SUDOCREAM 250g",/products/sudocream-250g.jpg,400,378
1166,"BROSSE A DENT ORAL-B INDICATEUR 1-2-3",/products/brosse-a-dent-oral-b-indicateur-1-2-3.png,384,384
1170,"CRÈME APRES PIQURE 75ML",/products/cr-me-apres-piqure-75ml.png,384,384
1190,"ALWAYS SENSITIVE SANITARY NAPKIN LONG B/20",/products/always-sensitive-sanitary-napkin-long-b-20.png,384,384
1852,"Sì Passione Intense Eau de parfum 30ml",/products/s-passione-intense-eau-de-parfum-30ml.png,384,470
1036,"SQUARE TRENDY ACETATE EYEGLASSES FOR UNISEX",/products/square-trendy-acetate-eyeglasses-for-unisex.png,452,187
1443,"Nestle Nan Optipro 1, mleko początkowe, dla niemowląt od urodzenia, 650g",/products/nestle-nan-optipro-1-mleko-pocz-tkowe-dla-niemowl-t-od-urodzenia-650g.png,314,430
1209,"MINT DRAGEES 5",/products/mint-dragees-5.png,384,384
1280,"BONI MUCHOIR 4E KIDS 15*10",/products/boni-muchoir-4e-kids-15-10.png,200,69
1845,"Crystal Black Eau de parfum 50ml",/products/crystal-black-eau-de-parfum-50ml.png,770,381
1275,"1. NESTLE",/products/1-nestle.png,330,500
1276,"2. NUTRICIA",/products/2-nutricia.png,306,356
1287,"3. JOHNSONS&JOHNSONS",/products/3-johnsons-johnsons.png,399,400
1792,"COOLMAN TESTOBOOST FOR MEN 40TABS",/products/coolman-testoboost-for-men-40tabs.png,306,306
1290,"5. GSK PRODUCTS",/products/5-gsk-products.png,314,314
851,"ORAL B ESSENTIAL FLOSS 50M WAXED",/products/oral-b-essential-floss-50m-waxed.png,358,363
747,"ORAL-B TARTAR CONTROL 75ML",/products/oral-b-tartar-control-75ml.png,225,225
1362,"SET NATURALFEELING LARGE",/products/set-naturalfeeling-large.png,118,84
765,"ORAL-B 3D WHITE CHARCOAL TOOTHPASTE",/products/oral-b-3d-white-charcoal-toothpaste.png,200,200
1779,"LIBIDO GEL GOLDN GREED 60 TABS",/products/libido-gel-goldn-greed-60-tabs.png,306,306
1412,"ROLL-ON SANEX 24H PH BALANCE DERMO CARE",/products/roll-on-sanex-24h-ph-balance-dermo-care.png,137,150
1425,"DOVE BAUME À LÈVRES NOURISHING LIPCARE SOIN HYDRATANT 24H 4,8G",/products/dove-baume-l-vres-nourishing-lipcare-soin-hydratant-24h-4-8g.png,113,150
706,"WISDOM ACTIVE WHITENING TOOTHPASTE 75ML",/products/wisdom-active-whitening-toothpaste-75ml.jpg,494,181
1423,"SUPERCLAIR SAVON DE MARSEILLE (5x100G) FR",/products/superclair-savon-de-marseille-5x100g-fr.png,150,121
1432,"1. PROTEIN(shakes&powders)",/products/1-protein-shakes-powders.png,269,269
707,"WISDOM SENSITIVE WHITENING TOOTHPASTE 100ML",/products/wisdom-sensitive-whitening-toothpaste-100ml.png,345,500
1436,"OPTIMUM NUTRITION CASEIN NATURALLY FLAVORED GOLD STANDARD 100%(Slow-Digesting Protein for Overnight Muscle Recover)",/products/optimum-nutrition-casein-naturally-flavored-gold-standard-100-slow-digesting-protein-for-overnight-muscle-recover.png,269,269
1632,"CREST 3D WHITE STAIN ERASER ICY CLEAN MINT  TOOTHPASTE 75ML",/products/crest-3d-white-stain-eraser-icy-clean-mint-toothpaste-75ml.png,375,375
1518,"ELGYDIUM BABY 0-2 YRS",/products/elgydium-baby-0-2-yrs.png,297,297
1764,"Elmex Toothpaste – Enamel Protection Profess 75 ml",/products/elmex-toothpaste-enamel-protection-profess-75-ml.png,150,150
500,"DETTOL ANTISEPTIC LIQUID 125ML",/products/dettol-antiseptic-liquid-125ml.jpg,234,469
1631,"CREST KIDS TOOTHPASTE FROZEN 3+",/products/crest-kids-toothpaste-frozen-3.png,339,386
501,"DETTOL ANTISEPTIC LIQUID 250ML",/products/dettol-antiseptic-liquid-250ml.jpg,238,469
522,"VEET SPAWAX STRIPLESS KIT 150 ML",/products/veet-spawax-stripless-kit-150-ml.png,393,393
1703,"ENFAMIL NO2 A+, NEURO PRO 400G",/products/enfamil-no2-a-neuro-pro-400g.png,200,200
1311,"ZWITSAL BODY LOTION 200M",/products/zwitsal-body-lotion-200m.png,212,266
1753,"ODOREX DEO ROLL ON MEN DRY PROTECT 50ML",/products/odorex-deo-roll-on-men-dry-protect-50ml.png,349,800
1371,"CHICCO WIPES 72 PCS WITH FLIP COVER",/products/chicco-wipes-72-pcs-with-flip-cover.png,228,141
1804,"KOTEX ULTRA-SORB COMFORT 16'S NORMAL",/products/kotex-ultra-sorb-comfort-16-s-normal.png,312,311
1924,"TIC TAC ORANGE 18G",/products/tic-tac-orange-18g.png,125,125
1934,"ALWAYS CLASSIC NORMAL 10 PCS",/products/always-classic-normal-10-pcs.png,300,300
1938,"MAGGI CREAM BROCCOLI SOUP 52G",/products/maggi-cream-broccoli-soup-52g.png,300,300
1478,"NUTRILON NENATAL NUTRIPREM 400G",/products/nutrilon-nenatal-nutriprem-400g.png,175,190
385,"FOLIGAIN MINOXIDIL 5% B/3",/products/foligain-minoxidil-5-b-3.jpg,400,383
1481,"NUTRILON 8M+ NIGHT APPLE 225G",/products/nutrilon-8m-night-apple-225g.png,120,190
1308,"5 CARTONS",/products/5-cartons.png,387,387
725,"SENSODYNE REPAIR & PROTECT TOOTH PASTE",/products/sensodyne-repair-protect-tooth-paste.jpg,370,324
1482,"NUTRILON 8M+ OBILOVIN  225G",/products/nutrilon-8m-obilovin-225g.png,119,190
387,"FOLIGAIN MINOXIDIL 2% B/3",/products/foligain-minoxidil-2-b-3.jpg,400,383
389,"FOLIGAIN TRIOXIDIL 10% MEN",/products/foligain-trioxidil-10-men.jpg,400,383
396,"FOLIGAIN TRIPLE ACTION HAIR CARE SYSTEM FOR MEN 3 PIECE TRIAL SET",/products/foligain-triple-action-hair-care-system-for-men-3-piece-trial-set.png,400,383
1498,"HOLIBORANGE SOFTIES VIT D  30 CAPS",/products/holiborange-softies-vit-d-30-caps.png,396,546
1484,"NUTRILON FOLLOW MILK N02 350G",/products/nutrilon-follow-milk-n02-350g.png,187,190
1782,"CAMAGRA FOR WOMEN 10 TABS",/products/camagra-for-women-10-tabs.png,306,306
394,"CHOLESTEROLEASE 30 SACHETS",/products/cholesterolease-30-sachets.png,288,308
436,"EAU PRECIEUSE CLEARSKIN LOTION PURIFIANT 375ML",/products/eau-precieuse-clearskin-lotion-purifiant-375ml.png,335,313
45,"NESTLE BANANA YOGOLINO 4*100G",/products/nestle-banana-yogolino-4-100g.png,372,381
1293,"VITAMINE E INTENSIVE CREAM ALL OVER THE BODY 475ML (SUPERDRUG)",/products/vitamine-e-intensive-cream-all-over-the-body-475ml-superdrug.jpg,323,323
1161,"COTON-TIGES BABY NEEDS 60 ROOMS",/products/coton-tiges-baby-needs-60-rooms.png,384,384
517,"DETTOL HAND SANITISER ORIGINAL 50ML",/products/dettol-hand-sanitiser-original-50ml.png,216,480
328,"LACTOCARE BREASTFEEDNG 30  CAPS",/products/lactocare-breastfeedng-30-caps.png,275,302
1492,"HOLIBORANGE OMEGA-3 DHA 3-12 YEARS 100ML",/products/holiborange-omega-3-dha-3-12-years-100ml.png,257,614
329,"PREGOMEGA PLUS 30",/products/pregomega-plus-30.png,315,314
1500,"HALIBORANGE MULTIVIT CALC+ IRON  3+ YRS 30 CAPS",/products/haliborange-multivit-calc-iron-3-yrs-30-caps.png,343,503
50,"NESTLE CELERAC 4-36 MOIS MAX PACK 500G",/products/nestle-celerac-4-36-mois-max-pack-500g.png,132,200
49,"NESTLE YOGOLINO MIX BAN-PEACH 6*60G",/products/nestle-yogolino-mix-ban-peach-6-60g.png,534,290
818,"ORAL B KID TOOTH BRUSH 2Y+ (TRIPLE PACK /3)",/products/oral-b-kid-tooth-brush-2y-triple-pack-3.jpg,274,1438
819,"ORAL B KID TOOTH BRUSH 3Y+ B/1",/products/oral-b-kid-tooth-brush-3y-b-1.jpg,240,240
583,"Dr. SCHOLL'S HOSPITAL BED COVER 180*220",/products/hospital-bed-sheet-white.jpg,331,303
820,"ORAL B KID TOOTH BRUSH 3Y+ (TRIPLE PACK /3)",/products/oral-b-kid-tooth-brush-3y-triple-pack-3.jpg,274,1438
824,"oral b kids 2+ years toothbrush",/products/oral-b-kids-2-years-toothbrush.jpg,122,480
1778,"PENISEX 40 CAPS",/products/penisex-40-caps.png,306,306
518,"VEET WAX STRIPS SENSITIVE  SKIN 20 PCS",/products/veet-wax-strips-sensitive-skin-20-pcs.png,315,414
1285,"BONI COMPLIME MULTIVITAMIN EEFERV B/20",/products/boni-complime-multivitamin-eeferv-b-20.png,73,313
1780,"LIBIDO GOLD GOLDEN MALE 60 TABS",/products/libido-gold-golden-male-60-tabs.png,306,306
1788,"DELAYCAPS 60TABS",/products/delaycaps-60tabs.png,306,306
1493,"HOLIBORANGE TEENS OMEGA-3 DHA 12+ 30 CAPS",/products/holiborange-teens-omega-3-dha-12-30-caps.png,262,475
521,"DOVE BAR SOAP  SENSITIVE SKIN HYPO-ALLERGENIC BAR 90G",/products/dove-bar-soap-sensitive-skin-hypo-allergenic-bar-90g.png,343,320
1794,"PENIS XXL PILLS 30 TABS",/products/penis-xxl-pills-30-tabs.png,306,306
684,"DUREX B/10 EXTRA-DOT",/products/durex-b-10-extra-dot.jpg,393,393
690,"DUREX B/3 EXTRA-DOT",/products/durex-b-3-extra-dot.jpg,356,407
699,"DUREX INVISIBLE/3; PACK/27",/products/durex-invisible-3-pack-27.png,324,430
1770,"DUREX NATURAL(BASIC) CONDOMS 144PIECES",/products/durex-natural-basic-condoms-144pieces.png,306,306
1630,"4. ORAL CARE",/products/4-oral-care.png,325,386
1781,"ORGASM EXTRA TABLET 60 TABS",/products/orgasm-extra-tablet-60-tabs.png,306,306
1502,"HALIBORANGE ADULT IMMUNE SUPPORT 30 CAPS",/products/haliborange-adult-immune-support-30-caps.png,320,511
1195,"NYOY CLASSIC CONDOMS B/16",/products/nyoy-classic-condoms-b-16.png,384,384
422,"ZINPLEX COMBO PACK 3 PRODUITS, 120 TABS",/products/zinplex-combo-pack-3-produits-120-tabs.png,322,322
1614,"GERBER BABY CEREAL PROBIOTIC OATMEAL BANANA 8OZ",/products/gerber-baby-cereal-probiotic-oatmeal-banana-8oz.png,336,336
696,"DUREX  ORAGASMIC INTENSE 10ML",/products/durex-oragasmic-intense-10ml.jpg,366,389
916,"AS I AM RICE WATER SPRAY 16OZ",/products/as-i-am-rice-water-spray-16oz.png,330,330
688,"DUREX B/3 EXTRA RIBBED",/products/durex-b-3-extra-ribbed.jpg,370,464
942,"MIRACLE 9 DEEP ULTRA-HYDRATING HONEY&AVOCADO CONDITIONER 12 OZ",/products/miracle-9-deep-ultra-hydrating-honey-avocado-conditioner-12-oz.png,324,486
1037,"2026 LATEST TRENDY ACETATE OPTICAL FRAMES FOR UNISEX",/products/2026-latest-trendy-acetate-optical-frames-for-unisex.png,454,261
992,"PC LENSES (ORANGE) #PC90 (87%-93% TINT)",/products/pc-lenses-orange-pc90-87-93-tint.jpg,151,353
980,"VICKS VAPODROPS LOZENGES SUGAR FREE WITH LEMON& MENTHOL 72G",/products/vicks-vapodrops-lozenges-sugar-free-with-lemon-menthol-72g.png,300,300
1008,"ACETATE CAT EYE EYEWEAR SUPPLIER - MODERN STYLE HIGH-QUALITY ACETATE MATERIAL",/products/acetate-cat-eye-eyewear-supplier-modern-style-high-quality-acetate-material.png,444,283
1012,"LATEST MODERN ACETATE SUNGLASSES UV400 FOR UNISEX",/products/latest-modern-acetate-sunglasses-uv400-for-unisex.png,438,231
110,"ORAL-B TOOTHPASTE 3-5 YEARS",/products/oral-b-toothpaste-3-5-years.png,253,492
1026,"FASHION OPTICAL FRAMES NEW DESIGN FOR WOMEN",/products/fashion-optical-frames-new-design-for-women.png,450,241
1031,"ACETATE SQUARE OPTICAL SPECTACLE FRAMES FOR MEN",/products/acetate-square-optical-spectacle-frames-for-men.png,436,213
1312,"ZWITSAL SOAP-FREE WASHING GEL 700ML",/products/zwitsal-soap-free-washing-gel-700ml.png,278,279
1029,"NEW MODEL DIAMOND OPTICAL FRAMES FOR WOMEN",/products/new-model-diamond-optical-frames-for-women.png,431,184
1039,"NEW ARRIVAL CAT EYE OPTICAL FRAMES FOR WOMEN",/products/new-arrival-cat-eye-optical-frames-for-women.png,438,237
985,"VICKS VAPODROPS LOZENGES SUGAR FREE WITH MENTHOL 72G",/products/vicks-vapodrops-lozenges-sugar-free-with-menthol-72g.png,350,466
496,"COCORDE NAIL CLIPPER SINGLE",/products/cocorde-nail-clipper-single.jpg,194,254
986,"VICKS ANTIGRIP COMPLEX (SYMPTOMED LEMON), POWDER FOR ORAL SOLUTION, 10 SACHETS",/products/vicks-antigrip-complex-symptomed-lemon-powder-for-oral-solution-10-sachets.png,336,478
1313,"ZWITSAL BABY SOAP 4*90G",/products/zwitsal-baby-soap-4-90g.png,281,287
988,"VICKS VAPODROPS LOZENGES SUGAR FREE WITH EUCALYPTUS 72G",/products/vicks-vapodrops-lozenges-sugar-free-with-eucalyptus-72g.png,371,470
1529,"SUDOCREM ANTISEPTIC 60G/B/12",/products/sudocrem-antiseptic-60g-b-12.png,320,380
1374,"BM GENTLE BODY WASH AND SHAMPOO 500ML",/products/bm-gentle-body-wash-and-shampoo-500ml.png,81,184
651,"MORTEIN ODOURLESS",/products/mortein-odourless.png,320,400
406,"Labello Lipcare - Soft Rosé 4.8 gr",/products/labello-lipcare-soft-ros-4-8-gr.jpg,186,320
652,"MORTEIN 30 NIGHT LIQUID COMPLETE",/products/mortein-30-night-liquid-complete.png,320,400
656,"LINSOFT PAPIER MOUCHOIR CLASSIC 15X10X4",/products/linsoft-papier-mouchoir-classic-15x10x4.jpg,175,70
990,"PC LENS(CLEAR) #PC 20 -G0 (17-23% TINT)",/products/pc-lens-clear-pc-20-g0-17-23-tint.jpg,168,348
1611,"TROJAN CONDOM 3/ PACK ALL QUALITY",/products/trojan-condom-3-pack-all-quality.png,464,355
993,"PC LENSES(RED) #PC100 (96%-100% TINT)",/products/pc-lenses-red-pc100-96-100-tint.jpg,152,362
1001,"CR 39 LENSES(D-ORANGE) #CR100-BG (99%-100% TINT)",/products/cr-39-lenses-d-orange-cr100-bg-99-100-tint.jpg,145,321
970,"ECO GELS ECO STYLE BLACK CASTOR&FLAXSEED GEL 16OZ",/products/eco-gels-eco-style-black-castor-flaxseed-gel-16oz.jpg,330,330
998,"CR 39 LENSES(CLEAR) #CR20-BG (18%-23% TINT)",/products/cr-39-lenses-clear-cr20-bg-18-23-tint.jpg,151,321
1003,"CAT EYE CLIP-ON SUNGLASSES – MAGNETIC CLIP ACETATE FRAMES FOR LADY",/products/cat-eye-clip-on-sunglasses-magnetic-clip-acetate-frames-for-lady.png,459,219
1034,"BOLD ACETATE EYEWEAR HOT SELLING GLASSES FOR WOMEN",/products/bold-acetate-eyewear-hot-selling-glasses-for-women.png,457,220
1021,"WOMEN'S MODERN ACETATE PRESCRIPTION SPECTACLES GLASSES",/products/women-s-modern-acetate-prescription-spectacles-glasses.png,448,279
1024,"NEW ARRIVAL TRANSPARENT OPTICAL FRAMES FOR LADIES",/products/new-arrival-transparent-optical-frames-for-ladies.png,437,250
1025,"OVERSIZED ACETATE OPTICAL FRAMES FOR LADIES",/products/oversized-acetate-optical-frames-for-ladies.png,447,170
1269,"JOHNSON&JOHNSON PRODUCTS",/products/johnson-johnson-products.png,421,366
1027,"WOMEN'S BOLD OPTICAL FRAMES FASHION DESIGN",/products/women-s-bold-optical-frames-fashion-design.png,434,260
1320,"BASMA MEDIUM",/products/basma-medium.png,297,264
1040,"BOLD PLASTIC OPTICAL FRAMES LUXURY STYLE FOR UNISEX",/products/bold-plastic-optical-frames-luxury-style-for-unisex.png,458,223
1038,"ROUND VINTAGE ACETATE OPTICAL FRAMES FOR UNISEX",/products/round-vintage-acetate-optical-frames-for-unisex.png,441,227
1323,"FRESH-UP SOFT",/products/fresh-up-soft.png,358,324
1360,"2 TEAT NATURALFEELING 6M+ F FAST",/products/2-teat-naturalfeeling-6m-f-fast.png,85,81
1391,"tabata slippers for mens",/products/tabata-slippers-for-mens.png,400,387
1422,"LA CIGALE SAVON DE MARSEILLE OLIVES (4x100G) FR",/products/la-cigale-savon-de-marseille-olives-4x100g-fr.png,150,130
1449,"26 th, Sept, 2023",/products/26-th-sept-2023.png,222,320
1416,"SAVON",/products/savon.png,150,150
1732,"BEL-DAME LAIT CORPS ÉCLAIR BLEU 500ML",/products/bel-dame-lait-corps-clair-bleu-500ml.png,180,347
1736,"F&W DOLD N02 LAIT CORPS SOIN UNIFIANT 500ML",/products/f-w-dold-n02-lait-corps-soin-unifiant-500ml.png,350,350
1046,"PHYSICAL ACTIVITY WATCH",/products/physical-activity-watch.png,356,281
1865,"carpe Face sweat abosrbing lasting matte",/products/carpe-face-sweat-abosrbing-lasting-matte.png,343,480
177,"TOMME BRUSH AND COMB SET",/products/tomme-brush-and-comb-set.jpg,382,800
1050,"BLIND CANE BLIND SUPPLIES 4 SECTIONS ALUMINUM ALLOY BLIND CANE FOLDING BLIND CANE, LENGTH 123 CM VISUALLY IMPAIRED SUPPLIES",/products/blind-cane-blind-supplies-4-sections-aluminum-alloy-blind-cane-folding-blind-cane-length-123-cm-visually-impaired-supplies.png,397,507
1056,"FACE POWDER PUFF SPONGE",/products/face-powder-puff-sponge.png,372,435
369,"EXACTO VAGINAL INFECTION TEST 1",/products/exacto-vaginal-infection-test-1.png,380,346
1789,"BIGGEST PENIS 60 TABS",/products/biggest-penis-60-tabs.png,306,306
1192,"LINGETTES LUNETTES B/50",/products/lingettes-lunettes-b-50.png,384,384
224,"MUNCHKIN BRISTLE BOTTLE BRUSH GREY",/products/munchkin-bristle-bottle-brush-grey.jpg,160,160
628,"DIABETIC SHOES WOMEN BLACK ,CLOSE 40",/products/diabetic-shoes-women-black-close.jpg,480,347
1070,"WHOLESALE MEDICAL EAR ULCER BULB SYRINGE DISPOSABLE EAR CLEARING SYRINGE",/products/wholesale-medical-ear-ulcer-bulb-syringe-disposable-ear-clearing-syringe.png,300,300
225,"MUNCHKIN FOLD DRYING RACK",/products/munchkin-fold-drying-rack.jpg,160,160
228,"MUNCHKIN TODDLER FORK&SPOON SET",/products/munchkin-toddler-fork-spoon-set.png,160,160
1377,"TOOTHPASTE MILD MINT 6Y+ FLUORINE",/products/toothpaste-mild-mint-6y-fluorine.jpg,48,102
941,"MIRACLE 9 DEEP ULTRA-HYDRATING HONEY&AVOCADO SHAMPOO 12 OZ",/products/miracle-9-deep-ultra-hydrating-honey-avocado-shampoo-12-oz.png,324,486
1372,"CHICCO WIPES 72 PCS WITHOUT FLIP COVER",/products/chicco-wipes-72-pcs-without-flip-cover.png,238,133
1002,"CR 39 LENSES(LIGHT YELLOW) CR35-B0 (32%-38% TINT)",/products/cr-39-lenses-light-yellow-cr35-b0-32-38-tint.jpg,94,316
1015,"BOLD ACETATE SUNGLASSES SQUARE SHAPE FOR MEN",/products/bold-acetate-sunglasses-square-shape-for-men.png,435,270
1742,"ZWITSAL BODY LOTION 200ML",/products/zwitsal-body-lotion-200ml.png,212,266
1119,"EAR PLAG PAIR",/products/ear-plag-pair.png,140,140
1194,"ALVILA COTTON DISC B/80",/products/alvila-cotton-disc-b-80.png,384,384
523,"BONI GLASSES CLEANING WIPES B/50",/products/boni-glasses-cleaning-wipes-b-50.png,278,331
1373,"BM BODY WASH AND SHAMPOO 750ML",/products/bm-body-wash-and-shampoo-750ml.png,41,104
1744,"DOVE GENTLE EXFOLIATING BAR SOAP 4*100G",/products/dove-gentle-exfoliating-bar-soap-4-100g.png,300,300
55,"NESTLE KASZKA MLECZNO-RYZOWA MALINA 230G",/products/nestle-kaszka-mleczno-ryzowa-malina-230g.jpg,300,400
1616,"GERBER BABY CEREAL PROBIOTIC CEREAL,LENTIL,APPLE 8 OZ",/products/gerber-baby-cereal-probiotic-cereal-lentil-apple-8-oz.png,336,336
419,"LABELLO ORIGINAL 24H 4.8G",/products/labello-original-24h-4-8g.png,288,321
1173,"PENSEMENT POUR DOIGHTS RESISTANT A L'EAU 22",/products/pensement-pour-doights-resistant-a-l-eau-22.png,384,384
1171,"FIRST AID DRESSINGS PENSEMENT KIDS B/40",/products/first-aid-dressings-pensement-kids-b-40.png,384,384
1188,"SPRAY POUR LUNETTES ANTI-BOUEES ET NETTOYANT",/products/spray-pour-lunettes-anti-bouees-et-nettoyant.png,384,384
215,"NUK FIRST CHOICE TEMPERATURE LEARNER CUP",/products/nuk-first-choice-temperature-learner-cup.png,160,160
1427,"COSMOPLAST 10 PANSEMENTS PRÉDÉCOUPE + 5 PANSEMENTS À DÉCOUPER EN TISSU RÉSISTANT",/products/cosmoplast-10-pansements-pr-d-coupe-5-pansements-d-couper-en-tissu-r-sistant.jpg,93,150
1201,"EPILATEUR A SOURCILS ELLE ELECTRIC",/products/epilateur-a-sourcils-elle-electric.png,384,384
1203,"SERVIETTE POUR SIEGE DE TOILETTE B/10",/products/serviette-pour-siege-de-toilette-b-10.png,384,384
654,"MORTEIN POWERGARD MOSQUITO COILS 10S",/products/mortein-powergard-mosquito-coils-10s.png,320,400
1429,"COSMOPLAST PANSEMENTS ANTI-AMPOULES 6PCS",/products/cosmoplast-pansements-anti-ampoules-6pcs.png,129,150
1430,"COSMOPLAST PANSEMENTS AQUA WATERPROOF IMPERMÉABLES 20PCS",/products/cosmoplast-pansements-aqua-waterproof-imperm-ables-20pcs.png,129,150
1207,"SOFT TOUCH COLD WAX STRIPS B/52",/products/soft-touch-cold-wax-strips-b-52.png,384,384
1210,"SLEEPING MASK",/products/sleeping-mask.png,384,384
284,"PAMPERS BABY DIAPER SIZE 2 (3-6KG) 112 PIECES",/products/pampers-baby-diaper-size-2-3-6kg-112-pieces.png,381,263
1213,"HIKER'S SPEARMINT LOZENGES B/101",/products/hiker-s-spearmint-lozenges-b-101.png,384,384
230,"VITAL BABY NOURISH CHUNKY CUTLERY SET FIZ 4PK",/products/vital-baby-nourish-chunky-cutlery-set-fiz-4pk.png,160,160
1600,"DEGREE ADVANCED MEN 48H PROTECTION ROLL-ON",/products/degree-advanced-men-48h-protection-roll-on.png,384,344
1255,"NIDO FORTIGROW 400G",/products/nido-fortigrow-400g.png,386,486
231,"VITAL BABY NOURISH CHUNKY CUTLERY SET POP 4PK",/products/vital-baby-nourish-chunky-cutlery-set-pop-4pk.png,160,160
1272,"NUK FIRST CHOICE SILICONE TEAT 0-6 M MEDIUM",/products/nuk-first-choice-silicone-teat-0-6-m-medium.png,160,160
1005,"CLASSIC CLIP-ON SUNGLASSES – MAGNETIC CLIP ACETATE FRAME FOR UNISEX",/products/classic-clip-on-sunglasses-magnetic-clip-acetate-frame-for-unisex.png,431,290
943,"MOISTURE THERAPY HONEY & AVOCADO LEAVE IN CONDITIONER",/products/moisture-therapy-honey-avocado-leave-in-conditioner.png,324,486
951,"MIRACLE 9 HYDRATE & REPAIR ROSEMARY & SUNFLOWER DEEP CONDITIONNER",/products/miracle-9-hydrate-repair-rosemary-sunflower-deep-conditionner.png,324,486
678,"SWEETEX CALORIE FREE SWEETNER 1200 TABLETS",/products/sweetex-calorie-free-sweetner-1200-tablets.jpg,300,345
679,"ARM&HAMMER 100% NATURAL BACKING SODA 250G",/products/arm-hammer-100-natural-backing-soda-250g.png,225,225
1352,"F.BOTTLE PERFECT5 PP UNI300 FAST SIL CL2",/products/f-bottle-perfect5-pp-uni300-fast-sil-cl2.png,38,102
1356,"TEATS PERFECT 5 0M+ SLOW SIL 2 PCS",/products/teats-perfect-5-0m-slow-sil-2-pcs.jpg,55,91
689,"DUREX B/3 EXTRA-TIME",/products/durex-b-3-extra-time.jpg,343,420
996,"NYLON LENSES(TEA) #CTR50-BB (47%-53% TINT)",/products/nylon-lenses-tea-ctr50-bb-47-53-tint.jpg,166,314
999,"CR 39 LENSES(YELLOW) #CR85-BG (82%-88% TINT)",/products/cr-39-lenses-yellow-cr85-bg-82-88-tint.jpg,144,316
1009,"MEN'S ACETATE OPTICAL FRAMES CHINA EYEWEAR SUPPLIER",/products/men-s-acetate-optical-frames-china-eyewear-supplier.png,444,259
1011,"ACETATE CAT EYE SUNGLASSES MANUFACTURER - FASHION HAND-MADE",/products/acetate-cat-eye-sunglasses-manufacturer-fashion-hand-made.png,449,258
1016,"HIGH-QUALITY ACETATE SUNGLASSES CLASSIC STYLE FOR MEN",/products/high-quality-acetate-sunglasses-classic-style-for-men.png,448,314
1544,"TWININGS SLEEP",/products/twinings-sleep.png,352,352
1322,"LAMSA HARD",/products/lamsa-hard.png,347,328
1041,"NEW MODEL ACETATE OPTICAL GLASSES FOR UNISEX",/products/new-model-acetate-optical-glasses-for-unisex.png,439,227
1048,"BACK REST CAR SEAT LUMBAR CHAIR",/products/back-rest-car-seat-lumbar-chair.png,411,393
1158,"MASTERPLAST HEEL BALM",/products/masterplast-heel-balm.png,384,384
1035,"CAT EYE LUXURY ACETATE EYEWEAR FASHION GLASSES FOR LADY",/products/cat-eye-luxury-acetate-eyewear-fashion-glasses-for-lady.png,443,226
1064,"UNICOVERD HOT BOTTLE WAMER 2L",/products/unicoverd-hot-bottle-wamer-2l.png,303,303
1545,"TWININGS DIGEST",/products/twinings-digest.png,351,351
1187,"SCALE WITH MEDISANA BODY ANALYSIS",/products/scale-with-medisana-body-analysis.png,384,384
1197,"FRESH COURAGE MENTHE POIVRE 200G",/products/fresh-courage-menthe-poivre-200g.png,384,384
423,"LABELLO ORIGINAL LIP BALM CHILDREN 4,8G, 3YRS+",/products/labello-original-lip-balm-children-4-8g-3yrs.png,325,318
1198,"PASTILLE POUR LA TOUX ROSHEN 400G",/products/pastille-pour-la-toux-roshen-400g.png,384,384
1212,"HIKER'S PEPPERMINT LOZENGES B/100",/products/hiker-s-peppermint-lozenges-b-100.png,384,384
1091,"ULTRA+ TOOTHPASTE EXTRA-WHITENING 75ML",/products/ultra-toothpaste-extra-whitening-75ml.png,300,315
1350,"F.BOTTLE PERFECT5 PP UNI150 SLOW SIL CL2",/products/f-bottle-perfect5-pp-uni150-slow-sil-cl2.png,38,74
1355,"FBOTTLE NATURALFEELIG 6M+330ML F FAST EP",/products/fbottle-naturalfeelig-6m-330ml-f-fast-ep.png,62,88
1357,"TEATS PERFECT 5 2M+ MEDIUM SIL 2 PCS",/products/teats-perfect-5-2m-medium-sil-2-pcs.jpg,53,87
478,"DERMOL EMOLLIENT LOTION 500ML",/products/dermol-emollient-lotion-500ml.png,313,312
1369,"FIRST CUTLERY 12M+ NEUTRAL",/products/first-cutlery-12m-neutral.png,47,100
1358,"TEATS PERFECT 5 6M+ FOOD SIL 2 PCS",/products/teats-perfect-5-6m-food-sil-2-pcs.jpg,55,92
1359,"TEAT NATURALFEELING 0M+ F REGULAR",/products/teat-naturalfeeling-0m-f-regular.png,93,85
1202,"OPTISMILE NATURA TEETH WHITENING 30GR",/products/optismile-natura-teeth-whitening-30gr.png,384,384
424,"BIODERMA ATODERM CRÈME SANS PARFUM 500ML",/products/bioderma-atoderm-cr-me-sans-parfum-500ml.png,201,524
1417,"GARNIER - SAVON NOIR NETTOYANT CHARBON PEAUX À IMPERFECTIONS - 100G",/products/garnier-savon-noir-nettoyant-charbon-peaux-imperfections-100g.png,150,150
1605,"PONDS REJUVENESS ANTI-WRINKLE CREAM 50ML",/products/ponds-rejuveness-anti-wrinkle-cream-50ml.png,315,378
1419,"LA CIGALE SAVON DE MARSEILLE AMANDE DOUCE (4x100G) FR",/products/la-cigale-savon-de-marseille-amande-douce-4x100g-fr.png,150,128
1426,"DOVE BAUME À LÈVRES NOURISHING LIPCARE ESSENTIEL INTENSIF 24H 4,8G",/products/dove-baume-l-vres-nourishing-lipcare-essentiel-intensif-24h-4-8g.jpg,105,150
1448,"Labello men Active Care balsam do ust dla mężczyzn 4.8g",/products/labello-men-active-care-balsam-do-ust-dla-m-czyzn-4-8g.png,170,320
1452,"GERBER MISKOPTY Biscuits for babies after 8 months 180 g",/products/gerber-miskopty-biscuits-for-babies-after-8-months-180-g.png,104,128
1923,"TIC TAC MINT 18G",/products/tic-tac-mint-18g.png,125,125
1511,"ALWAYS CLASSIC NORMAL INTIMATE PADS 10 PCS",/products/always-classic-normal-intimate-pads-10-pcs.png,285,285
109,"ORAL-B JUNIOR ELECTRIC TOOTHBRUSH 6+",/products/oral-b-junior-electric-toothbrush-6.png,200,691
1531,"VEET PURE HAIR REMOVAL 100ML",/products/veet-pure-hair-removal-100ml.png,357,356
113,"ORAL-B KIDS 0-3 YEARS TOOTHBRUSHES",/products/oral-b-kids-0-3-years-toothbrushes.png,240,240
1571,"TWININGS CAMOMILLE HONEY",/products/twinings-camomille-honey.png,351,352
1583,"HEINZ APPLE BISCUIT",/products/heinz-apple-biscuit.png,437,377
1609,"BLOT POWDER PREDDSED DEEP DARK NC 55",/products/blot-powder-preddsed-deep-dark-nc-55.png,375,365
1159,"INTIMATE CARE INTIMATE WIPES B/20",/products/intimate-care-intimate-wipes-b-20.png,384,384
1791,"MALE XL -POTENCY PILLS 60  TABS",/products/male-xl-potency-pills-60-tabs.png,306,306
1790,"HIGH OCTANE PREDATOR ELECTION PILS 60 TABS",/products/high-octane-predator-election-pils-60-tabs.png,306,306
1793,"DAVIS CANDY SPERM FOOD -60 CAPS",/products/davis-candy-sperm-food-60-caps.png,306,306
435,"EAU PRECIEUSE CLEARSKIN GEL NETTOYANT 200ML",/products/eau-precieuse-clearskin-gel-nettoyant-200ml.png,365,314
437,"EAU PRECIEUSE CLEARSKIN SOINT ANTI-IMPERFECTION 50ML",/products/eau-precieuse-clearskin-soint-anti-imperfection-50ml.png,390,300
489,"DR SCHOLL CRACKED HEEL CREAM",/products/dr-scholl-cracked-heel-cream.png,387,387
853,"ORAL B TOOTH BRUSH B/3 EXTRA SOFT",/products/oral-b-tooth-brush-b-3-extra-soft.jpg,303,303
292,"TOPICREAM BABY BAR SOAP",/products/topicream-baby-bar-soap.jpg,386,386
66,"ORAL B KID TOOTH BRUSH 3Y+ (TRIPLE PACK /3)",/products/oral-b-kid-tooth-brush-3y-triple-pack-3.jpg,274,1438
67,"ORAL B BABY TOOTH BRUSH 0-2Y+, (SINGLE PACK/ 1)",/products/oral-b-baby-tooth-brush-0-2y-single-pack-1.jpg,274,1438
97,"ORAL-B SINGLE BRUSH KID",/products/oral-b-single-brush-kid.jpg,274,1438
321,"CHICCO BREAST PADS B/60",/products/chicco-breast-pads-b-60.jpg,416,277
330,"CHICCO CLEANSING BREAST WIPES 80PCS",/products/chicco-cleansing-breast-wipes-80pcs.jpg,416,220
1006,"ACETATE CLIP-ON SUNGLASSES – MAGNETIC CLIP FRAME FOR MEN",/products/acetate-clip-on-sunglasses-magnetic-clip-frame-for-men.png,426,303
331,"CHICCO MANUAL BREAST PUMP 0M+",/products/chicco-manual-breast-pump-0m.jpg,368,416
114,"ORAL-B KIDS 6+ YEARS TOOTHBRUSHES",/products/oral-b-kids-6-years-toothbrushes.png,240,240
580,"Dr. SCHOLL'S HOSPITAL PILLOW COVER",/products/hospital-bed-sheet-white.jpg,331,303
332,"TOTAL BODY PREGNANCY PILLOW",/products/total-body-pregnancy-pillow.jpg,416,214
333,"PHILIPS AVENT NIPPLE SHIELD MEDIUM 2PK",/products/philips-avent-nipple-shield-medium-2pk.png,225,225
334,"LANSINOH ORGANIC NIPPLE BALM 60ML",/products/lansinoh-organic-nipple-balm-60ml.png,225,225
1,"NAN OPTIPRO N1 800G",/products/nan-optipro-n1-800g.jpg,388,427
1185,"LIFECARE EARLY PREGNANCY B/2",/products/lifecare-early-pregnancy-b-2.png,384,384
1273,"LANSINOH DISPOSABLE NURSING PADS 60PK",/products/lansinoh-disposable-nursing-pads-60pk.png,160,160
20,"NAN OPTIPRO 3 650G",/products/nan-optipro-3-650g.jpg,322,404
1177,"POCHE DE GRACE SPORT SUPPORT 7*23CM",/products/poche-de-grace-sport-support-7-23cm.png,384,384
338,"OB Tampons - Original Super 16 pieces",/products/ob-tampons-original-super-16-pieces.jpg,407,389
344,"U kotex tampons regular 16'",/products/u-kotex-tampons-regular-16.jpg,284,284
345,"U kotex tampons super 16'",/products/u-kotex-tampons-super-16.jpg,439,374
1428,"COSMOPLAST PANSEMENTS ENFANTS 20PCS",/products/cosmoplast-pansements-enfants-20pcs.png,101,150
1445,"Nestle Nan Optipro 3, junior,formula na bazie mleka,po 1- roku zycia 650g",/products/nestle-nan-optipro-3-junior-formula-na-bazie-mleka-po-1-roku-zycia-650g.png,322,404
348,"U kotex pantyliner regular 40'",/products/u-kotex-pantyliner-regular-40.jpg,180,180
653,"MORTEIN 30 NIGHT LIQUID REFILL",/products/mortein-30-night-liquid-refill.jpg,320,400
1196,"NYOY WATER-BASED LUBRICANT 100ML",/products/nyoy-water-based-lubricant-100ml.png,384,384
1277,"NUTRILON LAIT PREMIERE NO1 800G 0-6MOIS",/products/nutrilon-lait-premiere-no1-800g-0-6mois.png,306,356
1370,"ROLLON POST BITE 10 ML",/products/rollon-post-bite-10-ml.png,43,103
356,"BETADINE INTIMATE WASH DAILY GENTLE 200ML",/products/betadine-intimate-wash-daily-gentle-200ml.jpg,281,350
1599,"DEGREE MEN 48H SPORT ROLL-ON",/products/degree-men-48h-sport-roll-on.png,372,350
893,"AS I AM LONG&LUXE STRENGTHENING SHAMPOO 12 OZ",/products/as-i-am-long-luxe-strengthening-shampoo-12-oz.png,159,300
1695,"NUTRILON SMALL START MILK No1, 350G, 0-6 MONTHS",/products/nutrilon-small-start-milk-no1-350g-0-6-months.png,264,306
360,"BETADINE INTIMATE WIPES DAILY GENTLE 10/PACK",/products/betadine-intimate-wipes-daily-gentle-10-pack.jpg,266,293
948,"MIRACLE 9 DEEP ULTRA-HYDRATING ROSEMARY & SUNFLOWER SHAMPOO 12 OZ",/products/miracle-9-deep-ultra-hydrating-rosemary-sunflower-shampoo-12-oz.jpg,324,486
994,"NYLON LENSES(CLEAR) #CTR30-BB (27%-33% TINT)",/products/nylon-lenses-clear-ctr30-bb-27-33-tint.jpg,182,335
945,"MIRACLE 9 STRENGTH ALMOND, MINT HONEY & AVOCADO HAIR GROWTH OIL",/products/miracle-9-strength-almond-mint-honey-avocado-hair-growth-oil.png,324,486
954,"AUNT JACKIE'S KIDS HEADS UP MOISTURIZING&SOFTENING SHAMPOO 12 OZ",/products/aunt-jackie-s-kids-heads-up-moisturizing-softening-shampoo-12-oz.jpg,289,292
366,"KOTEX TAMPON B/32",/products/kotex-tampon-b-32.jpg,275,262
1000,"CR 39 LENSES(ORANGE) #CR95-BB (92%-97% TINT)",/products/cr-39-lenses-orange-cr95-bb-92-97-tint.jpg,132,326
371,"ALWAYS SERVIETTES HYGIENIQUE FIN B-100",/products/always-serviettes-hygienique-fin-b-100.png,127,200
1004,"ROUND CLIP-ON SUNGLASSES – MAGNETIC CLIP FRAME FOR WOMEN",/products/round-clip-on-sunglasses-magnetic-clip-frame-for-women.png,424,234
973,"ECO GELS ECO STYLE ARGAN OIL GEL 16 OZ",/products/eco-gels-eco-style-argan-oil-gel-16-oz.png,330,330
373,"ALWAYS SERVIETTES HYGIENIQUE LONG B/22",/products/always-serviettes-hygienique-long-b-22.png,89,150
991,"PC LENS(LIGHT YELLOW) #PC 40 (37%-43% TINT)",/products/pc-lens-light-yellow-pc-40-37-43-tint.jpg,145,358
1017,"ACETATE AVIATOR SUNGLASSES SUPPLIER - RETRO STYLE HIGH-QUALITY ACETATE MATERIAL",/products/acetate-aviator-sunglasses-supplier-retro-style-high-quality-acetate-material.png,448,237
1018,"READY STOCK ACETATE OPTICAL FRAMES FOR UNISEX",/products/ready-stock-acetate-optical-frames-for-unisex.png,434,250
1019,"NEW ARRIVAL CLASSIC ACETATE OPTICAL FRAMES FOR UNISEX",/products/new-arrival-classic-acetate-optical-frames-for-unisex.png,432,224
1014,"NEW DESIGN ACETATE SUNGLASSES POLARIZED LENS",/products/new-design-acetate-sunglasses-polarized-lens.png,432,305
1044,"3 MEN'S HANDKERCHIEF PACKED",/products/3-men-s-handkerchief-packed.png,349,270
1054,"LUXURY BATH GLOVES NO FINGER",/products/luxury-bath-gloves-no-finger.png,370,371
1032,"LUXURY ACETATE OPTICAL FRAMES CLASSIC DESIGN FOR WOMEN",/products/luxury-acetate-optical-frames-classic-design-for-women.png,435,180
1028,"MEN'S SQUARE OPTICAL FRAMES CLASSIC GLASSES",/products/men-s-square-optical-frames-classic-glasses.png,447,258
1093,"TOTAL CARE 6-IN-1 ANTICAVITY FLUORIDE MOUTHWASH FRESH MINT",/products/total-care-6-in-1-anticavity-fluoride-mouthwash-fresh-mint.jpg,300,300
1168,"INSECT AFTER BITTING GEL 20ML",/products/insect-after-bitting-gel-20ml.png,384,384
388,"FOLIGAIN TRIOXIDIL 10% WOMEN",/products/foligain-trioxidil-10-women.jpg,400,383
1167,"PASTILLES EFFERVESCENTES PR APPAREIL DENTAIRE",/products/pastilles-effervescentes-pr-appareil-dentaire.png,384,384
1200,"DODYMASS MAGNESIUM CITRATE 200MG",/products/dodymass-magnesium-citrate-200mg.png,384,384
1208,"SOFT TOUCH HAIR REMOVAL CREAM B/150ML",/products/soft-touch-hair-removal-cream-b-150ml.png,384,384
1214,"HIKER'S STORM MINT LOZENGES B/25",/products/hiker-s-storm-mint-lozenges-b-25.png,384,384
1284,"BONI COMPRIME MAGNESIUM EFFERVESCENT B-20",/products/boni-comprime-magnesium-effervescent-b-20.png,73,313
1351,"F.BOTTLE PERFECT5 PP UNI 240 MED SIL CL2",/products/f-bottle-perfect5-pp-uni-240-med-sil-cl2.png,40,93
390,"FOLIGAIN STIMULATING SUPLEMENTS B/60",/products/foligain-stimulating-suplements-b-60.jpg,400,383
397,"FOLIGAIN REJUVENATING BIOTIN SHAMPOO 473ML",/products/foligain-rejuvenating-biotin-shampoo-473ml.png,400,383
398,"FOLIGAIN FAST DISSOLVE EXTRA STRENGTH 60 VEG TAB B/60",/products/foligain-fast-dissolve-extra-strength-60-veg-tab-b-60.png,400,383
1720,"PR FRANCOISE BEDON LUXE ANTI-AGE PARIS 500ML",/products/pr-francoise-bedon-luxe-anti-age-paris-500ml.png,385,1000
1776,"VIACREAM STIMULATING GEL MAN 30ML",/products/viacream-stimulating-gel-man-30ml.png,306,306
1920,"BISCUIT DIGESTIVE 250G",/products/biscuit-digestive-250g.png,125,125
1431,"COSMOPLAST GRANDS PANSEMENTS ADHÉSIFS STÉRILISÉS UNIVERSELS 5PCS",/products/cosmoplast-grands-pansements-adh-sifs-st-rilis-s-universels-5pcs.png,138,150
1007,"WHOLESALE ACETATE CLIP-ON EYEGLASSES – MAGNETIC SUNGLASSES CLIP FRAME FOR WOMEN",/products/wholesale-acetate-clip-on-eyeglasses-magnetic-sunglasses-clip-frame-for-women.png,427,280
814,"COLOGATE BABY TOOTHBRUSH 2-5YR B/1",/products/cologate-baby-toothbrush-2-5yr-b-1.jpg,220,480
627,"DIABETIC SHOES WOMEN BLACK ,CLOSE 39",/products/diabetic-shoes-women-black-close.jpg,480,347
894,"AS I AM JBCO SMOOTHIE 16 OZ",/products/as-i-am-jbco-smoothie-16-oz.png,300,286
1283,"BONI MENTHOL MOUCHOIR 12*10",/products/boni-menthol-mouchoir-12-10.png,500,263
895,"AS I AM LONG & LUX SCALP SERUM 2 OZ",/products/as-i-am-long-lux-scalp-serum-2-oz.jpg,245,300
897,"AS I AM LONG&LUXE STRENGTHENING CONDITIONER 12 OZ",/products/as-i-am-long-luxe-strengthening-conditioner-12-oz.png,142,300
921,"AS I AM RICE WATER CONDITIONER 8OZ",/products/as-i-am-rice-water-conditioner-8oz.png,277,314
896,"AS I AM LONG&LUXE GROYOGURT 8 OZ",/products/as-i-am-long-luxe-groyogurt-8-oz.png,149,300
934,"MIRACLE 9 KNOTS FREE HONEY & AVOCADO DETANGLER 8OZ",/products/miracle-9-knots-free-honey-avocado-detangler-8oz.png,330,330
929,"AS I AM JAMAICAN CASTOR OIL CONDITIONER 12OZ",/products/as-i-am-jamaican-castor-oil-conditioner-12oz.png,330,330
1010,"ACETATE SQUARE SUNGLASSES MANUFACTURER - PREMIUM ACETATE MATERIAL DURABLE",/products/acetate-square-sunglasses-manufacturer-premium-acetate-material-durable.png,434,262
946,"MIRACLE 9 COIL ACTIVATOR HONEY&AVOCADO CURLING CREAM 12 OZ",/products/miracle-9-coil-activator-honey-avocado-curling-cream-12-oz.png,324,486
947,"MIRACLE 9 ALMOND MINT HONEY&AVOCADO STYLING GEL",/products/miracle-9-almond-mint-honey-avocado-styling-gel.jpg,324,486
1013,"WOMEN'S FASHION ACETATE SUNGLASSES NYLON LENS'",/products/women-s-fashion-acetate-sunglasses-nylon-lens.png,434,273
950,"MIRACLE 9 HYDRATION THERAPY ROSEMARY & SUNFLOWER LEAVE-IN CONDITIONNER 12 OZ",/products/miracle-9-hydration-therapy-rosemary-sunflower-leave-in-conditionner-12-oz.png,324,486
953,"MIRACLE 9 HYDRATE & REPAIR ROSEMARY & SUNFLOWER HAIR MOUSSE",/products/miracle-9-hydrate-repair-rosemary-sunflower-hair-mousse.jpg,324,486
995,"NYLON LENSES(LIGHT YELLOW) #CTR45-BB (42%-48% TINT)",/products/nylon-lenses-light-yellow-ctr45-bb-42-48-tint.jpg,157,317
1184,"TEST D'OVULATION LIFECARE 5 ROOMS",/products/test-d-ovulation-lifecare-5-rooms.png,384,384
1349,"NIPPLE CORRECTOR",/products/nipple-corrector.png,73,93
1353,"FBOTTLE NATURALFEELIG 0M+150ML F NORM EP",/products/fbottle-naturalfeelig-0m-150ml-f-norm-ep.png,65,81
1354,"FBOTTLE NATURALFEELING2M+ 250ML F MED EP",/products/fbottle-naturalfeeling2m-250ml-f-med-ep.png,57,85
1532,"NAIR BODY WAX GEL 250G",/products/nair-body-wax-gel-250g.png,492,379
1562,"TWINNINGS APPLE PEAR GREEN TEA",/products/twinnings-apple-pear-green-tea.png,351,352
1671,"VITABIOTICS ULTRA GINKGO&GINSENG",/products/vitabiotics-ultra-ginkgo-ginseng.png,358,358
1603,"PONDS REJUVENESS LIFTING&BRIGHTENING EYE CREAM",/products/ponds-rejuveness-lifting-brightening-eye-cream.png,340,384
1604,"PONDS REJUVENESS ANTI-WRINKLE CREAM SPF-30 50ML",/products/ponds-rejuveness-anti-wrinkle-cream-spf-30-50ml.png,331,392
1775,"ORGASM SLOWING GEL-BULLPOWER 30ML",/products/orgasm-slowing-gel-bullpower-30ml.png,306,306
1786,"STAY UP CREAM 40ML",/products/stay-up-cream-40ml.png,386,363
1787,"SUPER PENIS CREAM 75ML",/products/super-penis-cream-75ml.png,306,306
1919,"BISCUIT DIGESTIVE 200G",/products/biscuit-digestive-200g.png,125,125
1921,"BISCUIT DIGESTIVE SUGAR FREE 250G",/products/biscuit-digestive-sugar-free-250g.png,125,125
1939,"BISCUIT SWEET PLUS BABIES 240G",/products/biscuit-sweet-plus-babies-240g.png,217,300
1937,"MAGGI CREAM CHICKEN SOUP 54G",/products/maggi-cream-chicken-soup-54g.png,300,300
429,"BEPENTHOL SENSI-CONTROL 400ML",/products/bepenthol-sensi-control-400ml.png,386,386
502,"DETTOL ANTISEPTIC LIQUID 550ML",/products/dettol-antiseptic-liquid-550ml.jpg,237,469
450,"LABELLO MEN 24H",/products/labello-men-24h.png,176,303
451,"NIVEA BB GEL NETTOYANT DOUX  CHEVEUX&CORPS 750ML",/products/nivea-bb-gel-nettoyant-doux-cheveux-corps-750ml.png,211,344
516,"VEET WAX STRIPS DRY SKIN 20 PCS",/products/veet-wax-strips-dry-skin-20-pcs.png,377,377
1437,"OPTIMUM NUTRITION CAKE BITES(Deliciously Whipped Snack for Muscle Recovery Support)",/products/optimum-nutrition-cake-bites-deliciously-whipped-snack-for-muscle-recovery-support.png,269,269
1558,"TWININGS IMMUNE SUPPORT",/products/twinings-immune-support.png,352,352
687,"DUREX B/1O EXTRA-TIME",/products/durex-b-1o-extra-time.jpg,366,366
683,"CANDEREL DELIGHTFUL SWEET TASTE 75G BOTTLE",/products/canderel-delightful-sweet-taste-75g-bottle.jpg,214,468
1251,"APTAMIL ADVANCE BABY 400G 1-3 YEARS",/products/aptamil-advance-baby-400g-1-3-years.png,342,342
1301,"DUREX THIN FEEL CONDOMS-144PIECES",/products/durex-thin-feel-condoms-144pieces.png,397,375
1302,"DUREX CLASSIC CONDOMS-144PIECES",/products/durex-classic-condoms-144pieces.png,418,339
1769,"DUREX EXTRA-SOFT SENSITIVE CONDOMS",/products/durex-extra-soft-sensitive-condoms.png,500,261
724,"SENSODYNE COMPLETE &COOL MINT TOOTH PASTE",/products/sensodyne-complete-cool-mint-tooth-paste.png,1028,324
723,"SENSODYNE COMPLETE &WHITENING TOOTH PASTE",/products/sensodyne-complete-whitening-tooth-paste.jpg,343,312
727,"PARADONTAX ORGINAL TOOTH PASTE",/products/paradontax-orginal-tooth-paste.jpg,314,314
729,"PARADONTAX GENSIVE HALEON TOOTH PASTE",/products/paradontax-gensive-haleon-tooth-paste.jpg,436,368
728,"PARADONTAX GENSIVE WHITENING TOOTH PASTE",/products/paradontax-gensive-whitening-tooth-paste.png,920,276
738,"SENSODYNE RAPID RELIEF 75ML",/products/sensodyne-rapid-relief-75ml.png,368,315
733,"MENTOS BLISTER GUM – PURE FRESH BUBBLE",/products/mentos-blister-gum-pure-fresh-bubble.png,384,439
745,"MENTOS BLISTER GUM – JUICE BLAST",/products/mentos-blister-gum-juice-blast.png,399,419
748,"PARODONTAX  GUM-SENSITIVITY 75ML",/products/parodontax-gum-sensitivity-75ml.png,500,160
749,"MENTOS GUM BLISTER STRAWBERRY",/products/mentos-gum-blister-strawberry.png,399,419
581,"Dr. SCHOLL'S HOSPITAL BED SHEET PAIR  160*210Cm",/products/hospital-bed-sheet-white.jpg,331,303
766,"SIGNAL WHITE NOW CHARCOAL DETOX TOOTHPASTE 75ML",/products/signal-white-now-charcoal-detox-toothpaste-75ml.png,268,268
767,"SENSODYNE COMPLETE & PROTECTION 75ML",/products/sensodyne-complete-protection-75ml.png,343,312
770,"ELMEX ADULT SENSITIVITY PLUS COMPLETE PROTECTION 75ML",/products/elmex-adult-sensitivity-plus-complete-protection-75ml.png,92,320
774,"SENSODYNE PRONAMEL 50ML",/products/sensodyne-pronamel-50ml.png,368,400
775,"PARODONTAX CLASSIC TOOTHPASTE 75ML",/products/parodontax-classic-toothpaste-75ml.png,314,314
776,"SENSODYNE PRONAMEL JUNIOR TOOTHPASTE 50ML",/products/sensodyne-pronamel-junior-toothpaste-50ml.png,285,285
1516,"SENSODYNE GENCIVE BROSSE A DENT SOUPLE",/products/sensodyne-gencive-brosse-a-dent-souple.png,268,1415
1765,"Elmex Toothpaste – Anti Caries Professional 75 ml",/products/elmex-toothpaste-anti-caries-professional-75-ml.jpg,300,300
779,"listerine coolmint 250ml",/products/listerine-coolmint-250ml.jpg,384,384
780,"listerine freshburst 250ml",/products/listerine-freshburst-250ml.png,310,340
784,"listerine coolmint 95ml pocket size",/products/listerine-coolmint-95ml-pocket-size.jpg,350,383
786,"listerine total care 95ml Pocket size",/products/listerine-total-care-95ml-pocket-size.jpg,335,360
788,"WISDOM ACTIVE WHITENING CHARCOAL MOUTHWASH 500ML",/products/wisdom-charcoal-mouthwash.jpg,314,800
787,"listerine KIDS mouthwash 250ml",/products/listerine-kids-mouthwash.jpg,347,800
801,"ELMEX ANTI-CARRIES MOUTH WASH 100ML",/products/elmex-anti-carries-mouth-wash-100ml.jpg,101,320
17,"COW&GATE INFANT MILK N03",/products/cow-gate-infant-milk-n03.png,390,391
803,"ORAL-B PRO-EXPERT STRONG TEETH MOUTHWASH 250ML",/products/oral-b-pro-expert-strong-teeth-mouthwash-250ml.png,200,200
828,"sensodyne toothbrush soft sensitive",/products/sensodyne-toothbrush-soft-sensitive.jpg,356,238
859,"ORAL-B CHARCOAL WHITENING TOOTHBRUSH THERAPY SOFT 4CT",/products/oral-b-charcoal-whitening-toothbrush-therapy-soft-4ct.jpg,200,320
1519,"ELGYDIUM KIDS 3/6 STRAWBERRY",/products/elgydium-kids-3-6-strawberry.png,297,297
862,"PARODONTAX EXPERT CLEAN EXTRA SOFT TOOTHBRUSH 3 PIECES",/products/parodontax-expert-clean-extra-soft-toothbrush-3-pieces.jpg,285,285
863,"ELMEX SWISS MADE SUPER SOFT 3-PACK VERY SOFT TOOTHBRUSH",/products/elmex-swiss-made-super-soft-3-pack-very-soft-toothbrush.jpg,285,285
861,"SENSODYNE GENTLE CARE SOFT TOOTHBRUSH 3 PCS",/products/sensodyne-gentle-care-soft-toothbrush-3-pcs.jpg,285,285
1415,"ROLL-ON SANEX DERMO INVISIBLE 50ML",/products/roll-on-sanex-dermo-invisible-50ml.png,131,150
1413,"ROLL-ON SANEX 48H BIOME PROTECT DERMO ANTI-IRRITATION",/products/roll-on-sanex-48h-biome-protect-dermo-anti-irritation.jpg,150,150
1414,"ROLL-ON SANEX DERMO EXTRA-CONTROL 50ML",/products/roll-on-sanex-dermo-extra-control-50ml.png,114,150
1746,"ODOREX 0% PARFUM 50ML 48H",/products/odorex-0-parfum-50ml-48h.png,300,300
1751,"ODOREX DEO ROLL ON NATURA FRESH 50ML",/products/odorex-deo-roll-on-natura-fresh-50ml.png,208,472
1752,"ODOREX DEO ROLL ON ULTRA PROTECT 50ML",/products/odorex-deo-roll-on-ultra-protect-50ml.png,363,840
1835,"Donna Born in Rome intense eau de parfum 30ml",/products/donna-born-in-rome-intense-eau-de-parfum-30ml.png,321,470
1836,"Idôle Eau de parfum 25ml",/products/id-le-eau-de-parfum-25ml.png,393,470
1841,"Chloe Intense Eau de parfum 30ml",/products/chloe-intense-eau-de-parfum-30ml.png,770,391
1851,"Dreams Eau de parfum 40ml",/products/dreams-eau-de-parfum-40ml.png,243,470
864,"COLGATE TWISTER DESIGN EDITION SOFT TOOTHBRUSH 4 PIECES",/products/colgate-twister-design-edition-soft-toothbrush-4-pieces.png,285,285
900,"CANTU KIDS TEAR-FREE NOURISHING SHAMPOO 8 OZ",/products/cantu-kids-tear-free-nourishing-shampoo-8-oz.jpg,300,300
1858,"Loverdose Red Kiss Eau de parfum 30ml",/products/loverdose-red-kiss-eau-de-parfum-30ml.png,281,470
906,"TGIN GREEN TEA SUPER MOIST LEAVE IN CONDITIONER 13 OZ",/products/tgin-green-tea-super-moist-leave-in-conditioner-13-oz.png,220,330
903,"CANTU KIDS CONDITIONING DETANGLER 6 OZ",/products/cantu-kids-conditioning-detangler-6-oz.png,300,300
905,"TGIN BUTTER CREAM DAILY MOISTURIZER 12 OZ",/products/tgin-butter-cream-daily-moisturizer-12-oz.jpg,330,330
1204,"NIVEA CRÈME POUR LES MAINS ALOE VERRA 100 ML",/products/nivea-cr-me-pour-les-mains-aloe-verra-100-ml.png,384,384
907,"TGIN HONEY HAIR HYDRATING MILK 7.5 OZ",/products/tgin-honey-hair-hydrating-milk-7-5-oz.png,330,330
910,"TGIN MOISTURE RICH SULFATE FREE CONDITIONNER 13 OZ",/products/tgin-moisture-rich-sulfate-free-conditionner-13-oz.png,330,330
908,"TGIN HONEY WHIP HYDRATING MOUSSE 7.5 OZ",/products/tgin-honey-whip-hydrating-mousse-7-5-oz.png,330,330
1264,"COLGATE KIDS BATMAN BATTERY TOOTHBRUSH, EXTRA SOFT, 3+ YEARS",/products/colgate-palmolive-unilever-products.png,309,480
913,"TGIN MIRACLE REPAIRX ANTI-BREAKAGE SERUM 4OZ",/products/tgin-miracle-repairx-anti-breakage-serum-4oz.png,330,330
914,"TGIN MIRACLE REPAIRX DEEP HYDRATING HAIR MASK 12OZ",/products/tgin-miracle-repairx-deep-hydrating-hair-mask-12oz.png,330,330
1266,"VEET MEN SENSITIVE  SKIN HAIR REMOVAL 50ML",/products/veet-men-sensitive-skin-hair-removal-50ml.png,329,434
1446,"GSK POZNAN POLAND https://pl.gsk.com",/products/gsk-poznan-poland-https-pl-gsk-com.png,337,289
931,"AMPRO SHINE N JAM BLUE TANSY VIT DROPS 4OZ",/products/ampro-shine-n-jam-blue-tansy-vit-drops-4oz.png,330,330
932,"AMPRO SHINE N JAM ROSEMARY OLIVE STRENGTHENING DROPS 4OZ",/products/ampro-shine-n-jam-rosemary-olive-strengthening-drops-4oz.png,330,330
938,"TGIN TWIST & DEFINE CREAM 12OZ",/products/tgin-twist-define-cream-12oz.png,330,330
1795,"FOLIGAIN® Low Alcohol Minoxidil 5% Hair Regrowth Treatment For Men (Export Only)",/products/foligain-low-alcohol-minoxidil-5-hair-regrowth-treatment-for-men-export-only.png,400,383
977,"VICKS INHALER",/products/vicks-inhaler.png,381,381
979,"STREPSILS MEDICATED LOZANGES LEMON  JAR/200",/products/strepsils-medicated-lozanges-lemon-jar-200.png,271,455
983,"VICKS SINEX ALOES I EUKALIPTUS, 0,5 MG/ML, AEROZOL DO NOSA, 15 ML",/products/vicks-sinex-aloes-i-eukaliptus-0-5-mg-ml-aerozol-do-nosa-15-ml.png,317,469
1541,"TWININGS PURE GREEN TEA",/products/twinings-pure-green-tea.png,352,352
987,"VICKS ANTIGRIP MAX, GRANULES FOR ORAL SOLUTION 14 SACHETS",/products/vicks-antigrip-max-granules-for-oral-solution-14-sachets.png,336,433
989,"VICKS BABYRUB 45G",/products/vicks-babyrub-45g.png,375,375
1191,"SLIVERGREAR MASSAGE GUN WITH  BRUSHES",/products/slivergrear-massage-gun-with-brushes.png,384,384
1263,"VICKS COUGH DROPS LOZENGES DROPS B/305",/products/vicks-cough-drops-lozenges-drops-b-305.png,165,320
1347,"CHICCO PRODUCTS LIST TO FOCUS ON",/products/chicco-products-list-to-focus-on.png,83,93
1418,"SAVON DOVE SENSITIVE HYPOALLERGÉNIQUE POUR PEAUX SENSIBLES (4X90G)",/products/savon-dove-sensitive-hypoallerg-nique-pour-peaux-sensibles-4x90g.png,150,106
1435,"OPTIMUM NUTRITION PROTEIN WAFERS(Light & Airy Snack for Post-Workout Muscle Recovery)",/products/optimum-nutrition-protein-wafers-light-airy-snack-for-post-workout-muscle-recovery.png,269,269
1438,"OPTIMUM NUTRITION ISOLATE GOLD STANDARD 100% ISOLATE",/products/optimum-nutrition-isolate-gold-standard-100-isolate.png,269,269
1542,"TWININGS ROOIBOS&HONEY",/products/twinings-rooibos-honey.png,351,352
1504,"HALIBORANGE VIT C 1000MG 20'S LEMON FLAVOUR",/products/haliborange-vit-c-1000mg-20-s-lemon-flavour.png,169,547
1505,"HALIBORANGE VIT C 20'S BLACKCURANT FLAVOUR",/products/haliborange-vit-c-20-s-blackcurant-flavour.png,141,576
1508,"ARM&HAMMER CHARCOAL WHITE",/products/arm-hammer-charcoal-white.png,485,129
11,"NUTRILON CONFORT COLIC 800G",/products/nutrilon-confort-colic-800g.png,274,274
1164,"OPTISMILE CHARCOAL & MINT DENTAL FLOSS 50ML",/products/optismile-charcoal-mint-dental-floss-50ml.png,384,384
1522,"NESTLE NANU 800G NO1",/products/nestle-nanu-800g-no1.png,218,218
1525,"COW&GATE MY FIRST MUESLI 10M+",/products/cow-gate-my-first-muesli-10m.png,308,308
1530,"VEET MEN HAIR REMOVAL 200ML",/products/veet-men-hair-removal-200ml.png,311,300
1537,"TWININGS WELLBEING",/products/twinings-wellbeing.png,352,351
1538,"TWININGS GREEN TEA&BLACK TEA",/products/twinings-green-tea-black-tea.png,351,352
1540,"TWININGS LEMON GREEN TEA",/products/twinings-lemon-green-tea.png,351,352
1548,"TWININGS GLOW",/products/twinings-glow.png,351,351
1557,"TWININGS CALM",/products/twinings-calm.png,351,351
1561,"TWININGS GINGER GREEN TEA",/products/twinings-ginger-green-tea.png,352,352
1563,"TWININGS JASMINE GREEN TEA",/products/twinings-jasmine-green-tea.png,352,351
1556,"TWININGS DETOX",/products/twinings-detox.png,351,351
1568,"TWININGS PURE CAMOMILE",/products/twinings-pure-camomile.png,352,351
1569,"TWININGS LEMON GINGER",/products/twinings-lemon-ginger.png,352,351
1570,"TWININGS SPICY CHAI",/products/twinings-spicy-chai.png,352,351
1572,"TWININGS PURE PEPPERMINT",/products/twinings-pure-peppermint.png,352,351
582,"Dr. SCHOLL'S HOSPITAL BED BLANKET PURE COTTON 180*220Cm",/products/hospital-bed-blanket-white.jpg,280,272
1713,"DERM4-MIRACLE LAIT BEBE  1000ML",/products/derm4-miracle-lait-bebe-1000ml.png,186,450
1743,"ZWITSAL POT 200ML",/products/zwitsal-pot-200ml.png,225,225
874,"YARI NATURAL HAIR OIL",/products/yari-natural-hair-oil.jpg,280,1000
1750,"ODOREX  EXTRA DRY DROPPER 50ML",/products/odorex-extra-dry-dropper-50ml.png,294,500
1757,"ODOREX DEO SPRAY MEN DRY PROTECT 150ML",/products/odorex-deo-spray-men-dry-protect-150ml.png,239,800
1768,"DUREX PLEASURE FRUIT 144 PIECES",/products/durex-pleasure-fruit-144-pieces.png,421,306
1797,"OB  EXTRA PROTECT NORMAL 16S",/products/ob-extra-protect-normal-16-s.png,285,285
1798,"OB EXTRA PROTECT  SUPER  16S",/products/ob-extra-protect-super-16-s.png,285,285
1868,"URIAGE XEMOSE HUILE LAVANTE 1L",/products/uriage-xemose-huile-lavante-1l.png,237,550
1869,"URIAGE  HUILE LAVANTE BEBE 500ML",/products/uriage-huile-lavante-bebe-500ml.png,330,550
1479,"NUTRILON NENATAL POST DISCHARGE  400G",/products/nutrilon-nenatal-post-discharge-400g.png,147,190
1872,"URIAGE CRÈME MAINS REPARATRICE 50ML",/products/uriage-cr-me-mains-reparatrice-50ml.png,170,300
1873,"URIAGE EAU THERMALE LAIT VELUTEE 500ML",/products/uriage-eau-thermale-lait-velutee-500ml.png,350,600
1874,"BEPANTHEN NAPY RASH 50G",/products/bepanthen-napy-rash-50g.png,285,285
1917,"NESTLE JUNIOR 1+( 2*350G)",/products/nestle-junior-1-2-350g.png,125,125
1918,"NESTLE JUNIOR 2+( 2*350G)",/products/nestle-junior-2-2-350g.png,125,125
1935,"ALWAYS ULTRA DUO  SUPER PLUS 16 PCS",/products/always-ultra-duo-super-plus-16-pcs.png,300,300
1933,"ALWAYS CLASSIC SENSITIVE MAX SENSITIVE 9 PCS",/products/always-classic-sensitive-max-sensitive-9-pcs.png,300,300
33,"COW&GATE POTS FRUIT (APPLE,BAN, ORAN)",/products/cow-gate-pots-fruit-apple-ban-oran.png,392,469
1480,"NUTRILON LACTOSE FREE 450G",/products/nutrilon-lactose-free-450g.png,145,190
23,"CERELAC REGUAL WHEAT 1KG",/products/cerelac-regual-wheat-1kg.jpg,309,310
102,"COLGATE 3-5 YRS",/products/colgate-3-5-yrs.png,335,453
783,"listerine total care 250ml",/products/listerine-total-care-250ml.jpg,308,307
133,"PHILIPS AVENT SUCETTE  0-6M GIRL PAIR",/products/philips-avent-sucette-0-6m-girl-pair.jpg,225,225
115,"ELMEX BABY CARIE PROTECTION 50ML 0-6 YRS",/products/elmex-baby-carie-protection-50ml-0-6-yrs.png,281,320
257,"MUNCHKIN MULTI CUPS 4PK",/products/munchkin-multi-cups-4pk.png,225,225
188,"CHICCO WELL BEING FEEDING COMBO 330ML BOTTLE + FAST FLOW 4M+ TEAT",/products/chicco-well-being-feeding-combo-330ml-bottle-fast-flow-4m-teat.jpg,338,416
192,"CHICCO WARMY PLATE NEUTRAL MULTICOLOR PLASTIC",/products/chicco-warmy-plate-neutral-multicolor-plastic.jpg,416,338
200,"CHICCO EASY BOWL 6M+",/products/chicco-easy-bowl-6m.jpg,320,320
229,"MUNCHKIN SCOOPER SPOON 2PK",/products/munchkin-scooper-spoon-2pk.jpg,160,160
233,"MUNCHKIN BENTO BOX MULTI YELLOW",/products/munchkin-bento-box-multi-yellow.jpg,160,160
317,"LANSINOH BREAST PADS B/60",/products/lansinoh-breast-pads-b-60.jpg,160,160
976,"VICKS VAPORUB 50G",/products/vicks-vaporub-50g.jpg,349,466
234,"MUNCHKIN STAY PUT SUCTION BOWLS 3PK",/products/munchkin-stay-put-suction-bowls-3pk.png,160,160
701,"Sensodyne 75ml gentle whitening toothpaste",/products/sensodyne-75ml-gentle-whitening-toothpaste.jpg,363,318
1693,"NUTRILON NO1 400G LACTOSE FREE",/products/nutrilon-no1-400g-lactose-free.png,317,318
103,"SENSODYNE PROGLASUR JUNIOR",/products/sensodyne-proglasur-junior.png,312,130
201,"360 PERFECT CUP 12M+",/products/360-perfect-cup-12m.jpg,375,460
302,"ANTI-MOSQUITO ULTRASOUND PLUG",/products/anti-mosquito-ultrasound-plug.jpg,300,300
13,"APTAMIL FOLLOW-ON MILK 6-12 MONTHS 800G",/products/aptamil-follow-on-milk-6-12-months-800g.png,300,300
256,"MUNCHKIN CLICK LOCK CHEW PROOF TRAINER CUP 237ML",/products/munchkin-click-lock-chew-proof-trainer-cup-237ml.png,225,225
43,"NESTLE BABY NATURAL BISCUIT 12M+",/products/nestle-baby-natural-biscuit-12m.png,146,200
44,"NESTLE STRAWBERRY YOGOLINO 6*60G",/products/nestle-strawberry-yogolino-6-60g.png,457,349
232,"MUNCHKIN BENTO BOX MULTI GREEN",/products/munchkin-bento-box-multi-green.jpg,160,160
235,"MUNCHKIN MULTI BOWLS 4PK",/products/munchkin-multi-bowls-4pk.png,160,160
237,"MUNCHKIN SQUEEZE SPOON",/products/munchkin-squeeze-spoon.png,160,160
252,"MUNCHKIN SOFT TIP INFANT SPOONS 6PK",/products/munchkin-soft-tip-infant-spoons-6pk.png,225,225
254,"MUNCHKIN MULTI FORKS AND SPOONS 6PK",/products/munchkin-multi-forks-and-spoons-6pk.png,225,225
1296,"[object Object]",/products/object-object.png,312,312
253,"MUNCHKIN WHITE HOT SAFETY SPOONS 4PK",/products/munchkin-white-hot-safety-spoons-4pk.png,250,176
48,"NESTLE CELERAC 4-36 MOIS MAX PACK 800G",/products/nestle-celerac-4-36-mois-max-pack-800g.png,330,500
51,"NESTLE  YOGOLINO MANGO 4*100G",/products/nestle-yogolino-mango-4-100g.png,328,281
1615,"GERBER BABY CEREAL GAIN7GROW,APPLE, STRAW,BANANA 8OZ",/products/gerber-baby-cereal-gain7grow-apple-straw-banana-8oz.png,336,336
251,"BEABA ERGONOMIC SILICONE SPOONS 4PK EUCALYPTUS",/products/beaba-ergonomic-silicone-spoons-4pk-eucalyptus.jpg,225,225
89,"BABY NAIL CLIPPER",/products/baby-nail-clipper.jpg,1,1
1617,"GERBER BABY CEREAL PROBIOTIC OATMEL,LENTIL,PEAR 8 OZ",/products/gerber-baby-cereal-probiotic-oatmel-lentil-pear-8-oz.png,336,336
24,"CERELAC BANANA 500G",/products/cerelac-banana-500g.jpg,353,337
25,"CERELAC BANANA 200G",/products/cerelac-banana-200g.jpg,308,278
26,"CERELAC TROPICAL FRUIT 200G",/products/cerelac-tropical-fruit-200g.jpg,328,328
294,"SUDOCREAM 60g",/products/sudocream-60g.jpg,321,380
195,"EASY CUP 12M+",/products/easy-cup-12m.jpg,301,312
1310,"ZWITSAL BABY OIL 400 ML",/products/zwitsal-baby-oil-400-ml.png,244,292
101,"COLGATTE BABYTOOTHPASTE 6-9YRS",/products/colgatte-babytoothpaste-6-9yrs.png,357,489
30,"COW&GATE  WHOLEGRAIN PORRIDGE 6M+",/products/cow-gate-wholegrain-porridge-6m.png,300,300
194,"CUP TRAINING 6M+",/products/cup-training-6m.jpg,271,312
104,"ELMEX DENTIFRICE KIDS 2-6 ANS",/products/elmex-dentifrice-kids-2-6-ans.png,500,174
185,"SOFT SILICONE SPOON 6M+",/products/soft-silicone-spoon-6m.jpg,177,416
108,"ORAL-B BABY 0-2 YEARS WINNIE THE POOH TOOTHPASTE",/products/oral-b-baby-0-2-years-winnie-the-pooh-toothpaste.jpg,300,300
28,"COW&GATE CREAM PORRIDGE 4-6 M",/products/cow-gate-cream-porridge-4-6-m.png,275,289
295,"SUDOCREAM 125g",/products/sudocream-125g.jpg,329,389
1265,"RECKITT BENCKISER HEALTHCARE PRODUCTS",/products/reckitt-benckiser-healthcare-products.png,556,300
1249,"BELLUTO ACCESSORIES MASSAGE ROLLER",/products/belluto-accessories-massage-roller.png,294,293
1271,"MAKE UP REMOVAL DISC 80PCS",/products/make-up-removal-disc-80pcs.png,283,87
1319,"CARTON SIZE;325MM*200MM*165MM, QTY/N0S: 1*96",/products/carton-size-325mm-200mm-165mm-qty-n0s-1-96.png,344,295
1344,"V. ECO GELS",/products/v-eco-gels.png,330,330
1321,"BASMA JUNIOR",/products/basma-junior.png,316,257
1390,"Men's Tabata Cross-Strap Acupressure Sandals",/products/specifications-of-mens-tabata-slippers.png,333,400
1424,"SOIN VISAGE",/products/soin-visage.png,113,150
1409,"Acupuncture Slippers ~ Tabata Outdoor Slippers For Women (Standard Size)",/products/acupuncture-slippers-tabata-outdoor-slippers-for-women-standard-size.png,400,387
1420,"LA CIGALE SAVON DE MARSEILLE LAVANDE (4x100G) FR",/products/la-cigale-savon-de-marseille-lavande-4x100g-fr.png,150,130
1485,"DONE",/products/done.png,187,190
1507,"VITABIOTIC EFF TABLETS 20'S",/products/vitabiotic-eff-tablets-20-s.png,343,515
1584,"HEINZ POT FRUITY MEDLEY CUSTARD",/products/heinz-pot-fruity-medley-custard.png,320,227
1608,"STUDIO FIX POWDER PLUS FOUNDATION NC 50",/products/studio-fix-powder-plus-foundation-nc-50.png,378,352
1773,"ORGASM SLOWING-STUDY DELAY SPRAY 15ML",/products/orgasm-slowing-study-delay-spray-15ml.png,306,306
1783,"XTRA DELIGHT STIMULANT 30ML",/products/xtra-delight-stimulant-30ml.png,306,306
1922,"ROSHEN HARD CANDY EUCALYPTUS-MENTHOL 200G",/products/roshen-hard-candy-eucalyptus-menthol-200g.png,125,125
1930,"ORBIT CHEWING GUM  SPEARMINT 46 PELLETS",/products/orbit-chewing-gum-spearmint-46-pellets.png,125,125
1932,"ORBIT CHEWING GUM WHITE BUBBLEMINT 46 PELLETS",/products/orbit-chewing-gum-white-bubblemint-46-pellets.png,125,125
21,"CERELAC REGULAR WHEAT 200G",/products/cerelac-regular-wheat-200g.jpg,282,281
15,"COW&GATE INFANT MILK N01 (0-6 MONTHS)",/products/cow-gate-infant-milk-n01-0-6-months.png,340,341
1260,"PAMPERS BABY-DRY NEWBORN SIZE 2 (3-8KG), JUMBO BOX 136 PIECES",/products/p-g-products.png,351,352
1206,"MUSCLE BALM AND MASSAGE 250ML",/products/muscle-balm-and-massage-250ml.png,384,384
1211,"GLASS CASES",/products/glass-cases.png,384,384
1292,"13 th, Jan, 2023",/products/13-th-jan-2023.png,265,500
1267,"GSK",/products/gsk.png,337,289
1278,"BONI MAKE-UP REMOVER DISC 2 PACK",/products/boni-make-up-remover-disc-2-pack.png,97,200
1342,"II. AUNT JACKIE'S KIDS",/products/ii-aunt-jackie-s-kids.png,289,292
1309,"AVILEA DISQUE A DEMAQUILLER 80PCS",/products/avilea-disque-a-demaquiller-80pcs.png,283,87
1361,"SET NATURAL FEELING SMALL",/products/set-natural-feeling-small.png,93,88
1411,"PARAPHARMACIE",/products/parapharmacie.png,137,150
1392,"Tabata Krista Tusok-tusok (ipt) Original/Authentic",/products/tabata-krista-tusok-tusok-ipt-original-authentic.png,400,331
1421,"LA CIGALE SAVON DE MARSEILLE MIEL (4x100G) FR",/products/la-cigale-savon-de-marseille-miel-4x100g-fr.png,150,130
1434,"PERFORMANCE WHEY",/products/performance-whey.png,269,269
1607,"STUDIO FIX POWDER PLUS FOUNDATION NC 45",/products/studio-fix-powder-plus-foundation-nc-45.png,360,338
1601,"DEGREE WOMEN DRY PROTECTION TWIN PACK",/products/degree-women-dry-protection-twin-pack.png,400,366
1701,"PRAN NOODLES CHICKEN  10 PACK",/products/pran-noodles-chicken-10-pack.png,225,225
1704,"PRAN BASMATI RICE 20KG",/products/pran-basmati-rice-20kg.png,280,480
1698,"ENFAMIL PREMIUM/ COMPLETE  NO2 800G",/products/enfamil-premium-complete-no2-800g.png,380,450
1734,"F&W SO-FRUIT RADIANCE BOOSTER LAIT CORPS 400ML",/products/f-w-so-fruit-radiance-booster-lait-corps-400ml.png,170,190
1777,"HOT STIMULERENDE CLITORIS SPRAY 50ML",/products/hot-stimulerende-clitoris-spray-50ml.png,306,306
1784,"CLITHERAPY CLITORIS BALM 8G-BAD DAY KILLER",/products/clitherapy-clitoris-balm-8g-bad-day-killer.png,306,306
1883,"HIGH OCTANE DYNAMIT B/60",/products/high-octane-dynamit-b-60.png,302,224
1925,"DROPS ORBIT SPEARMINT  16 PCS",/products/drops-orbit-spearmint-16-pcs.png,125,125
1936,"MAGGI MUSHROOM SOUP 52G",/products/maggi-mushroom-soup-52g.png,300,300
1928,"ORBIT CHEWING GUM WHITE FRESHMINT 10 PELLETS",/products/orbit-chewing-gum-white-freshmint-10-pellets.png,125,125
1931,"ORBIT CHEWING GUM WHITE FRESHMINT 46 PELLETS",/products/orbit-chewing-gum-white-freshmint-46-pellets.png,125,125
1250,"APTAMIL ADVANCE 1, 400G, 0-6 MONTHS",/products/food-staffs.png,282,282
1489,"2. OTHER HEALTHCARES PRODUCTS (RECKITT BENCISER)",/products/2-other-healthcares-products-reckitt-benciser.png,397,375
1341,"I. SUNNY ISLE",/products/i-sunny-isle.png,330,330
1606,"STUDIO FIX POWDER PLUS FOUNDATION NC 43",/products/studio-fix-powder-plus-foundation-nc-43.png,416,363
1696,"ENFAMIL PREMIUM / COMPLETE NO1 400G",/products/enfamil-premium-complete-no1-400g.png,368,369
1288,"O.B. PROCOMFORT ULTIMATE COMFORT TAMPONS, NORMAL, 32 PIECES",/products/as-adreed.png,200,125
1307,"MISCELABEOUS",/products/miscelabeous.png,387,387
1772,"VOLUME SPERM DROPS-30ML",/products/volume-sperm-drops-30ml.png,306,306
1175,"PANSEMENTS FIRST AID KIDS 40 ROOMS",/products/pansements-first-aid-kids-40-rooms.png,384,384
354,"BETADINE INTIMATE WASH ODOR BLOC 200ML",/products/betadine-intimate-wash-odor-bloc-200ml.jpg,328,366
1510,"WISDOM DENTAL  FLOSS 100M",/products/wisdom-dental-floss-100m.png,399,561
708,"WISDOM STEP BY STEP TOOTHPASTE (0-3) YEARS",/products/wisdom-step-by-step-toothpaste-0-3-years.jpg,345,500
3,"NAN OPTIPRO N3 800G",/products/nan-optipro-n3-800g.jpg,333,397
18,"NAN OPTIPRO 1 650G",/products/nan-optipro-1-650g.jpg,314,430
358,"BETADINE INTIMATE WIPES ODOR BLOC 10/PACK",/products/betadine-intimate-wipes-odor-bloc-10-pack.jpg,361,343
1916,"NAN LACTOSE FREE  400G",/products/nan-lactose-free-400g.png,225,300
95,"ORAL-B KIDS REPLACEMENT",/products/oral-b-kids-replacement.jpg,274,1438
692,"DUREX LUBRICANT CLASSIC BLUE 50ML",/products/durex-lubricant-classic-blue-50ml.jpg,270,954
709,"WISDOM STEP BY STEP TOOTHPASTE (4+) YEARS",/products/wisdom-step-by-step-toothpaste-4-years.jpg,802,301
821,"ORAL B BABY TOOTH BRUSH 0-2Y+, (SINGLE PACK/ 1)",/products/oral-b-baby-tooth-brush-0-2y-single-pack-1.jpg,274,1438
793,"WISDOM FRESH CLEAN COOLMINT MOUTH WASH 500ML",/products/wisdom-fresh-clean-coolmint-mouth-wash-500ml.jpg,375,958
809,"WISDOM FRESH EFFECT MINT SPRAY 30ML",/products/wisdom-fresh-effect-mint-spray-30ml.jpeg,345,500
909,"TGIN MOISTURE RICH SULFATE FREE SHAMPOO 13 OZ",/products/tgin-moisture-rich-sulfate-free-shampoo-13-oz.png,330,330
1172,"FIRST AID DRESSINGS FAMILY BOX B/75",/products/first-aid-dressings-family-box-b-75.png,384,384
1174,"PANSEMENTS FIRST AID AQUA PROTECT 30 PCS",/products/pansements-first-aid-aqua-protect-30-pcs.png,384,384
484,"DOVE HAND CREAM 75ML COCONUT & ALMOND RESTORING RITUAL",/products/dove-hand-cream-75ml-coconut-almond-restoring-ritual.jpg,385,800
923,"AS I AM JAMAICAN CASTOR OIL SHAMPOO 12OZ",/products/as-i-am-jamaican-castor-oil-shampoo-12oz.png,330,330
503,"VELVEX TISSUE B/80",/products/velvex-tissue.jpg,600,381
504,"VELVEX TISSUE B/200",/products/velvex-tissue.jpg,600,381
665,"HUILE ESSENTIAL D'ARGAN 250ML",/products/huile-essential-d-argan-250ml.jpg,250,250
949,"MIRACLE 9 DEEP ULTRA-HYDRATING ROSEMARY & SUNFLOWER CONDITIONNER 12 OZ",/products/miracle-9-deep-ultra-hydrating-rosemary-sunflower-conditionner-12-oz.png,324,486
506,"CONCORD NAIL KIT",/products/concord-nail-kit.jpg,600,376
712,"ORAL-B  PRO-REPAIR TOOTHPSTE 75ML",/products/oral-b-pro-repair-toothpste-75ml.jpg,200,76
1433,"OPTIMUM NUTRITION  GOLD STANDARD 100% WHEY PROTEIN (Post-Workout Muscle Support & Recovery)",/products/optimum-nutrition-gold-standard-100-whey-protein-post-workout-muscle-support-recovery.png,269,269
1439,"OPTIMUM NUTRITION PROTEIN CRISP(Deliciously Crunchy Protein Snack for Muscle Recovery Support)",/products/optimum-nutrition-protein-crisp-deliciously-crunchy-protein-snack-for-muscle-recovery-support.png,269,269
917,"AS I AM DRY&ITCHY SCALP CARE OIL TREATMENT 4 OZ",/products/as-i-am-dry-itchy-scalp-care-oil-treatment-4-oz.jpg,330,330
936,"SUNNY ISLE JAMAICAN BLACK CASTOR OIL ROOT RAPAIR GROWTH BUTTER 8 0Z",/products/sunny-isle-jamaican-black-castor-oil-root-rapair-growth-butter-8-0z.jpg,330,330
952,"MIRACLE 9 HYDRATE & REPAIR ROSEMARY & SUNFLOWER HAIRGROWTH OIL",/products/miracle-9-hydrate-repair-rosemary-sunflower-hairgrowth-oil.png,324,486
975,"DIFEEL BIOTIN PREMIUM HAIR OIL PRO-GROWTH 237ML",/products/difeel-biotin-premium-hair-oil-pro-growth-237ml.png,265,265