file,row,excel_name,candidate_id,candidate_name,score
"COLEX CONTAINER KRUT.xlsx",9,"NAN OPTIPRO 800G N01",1,"NAN OPTIPRO N1 800G",0.77
"COLEX CONTAINER KRUT.xlsx",10,"NAN OPTIPRO 800G N02",1,"NAN OPTIPRO N1 800G",0.77
"COLEX CONTAINER KRUT.xlsx",11,"NAN OPTIPRO 800G N03",1,"NAN OPTIPRO N1 800G",0.77
"COLEX CONTAINER KRUT.xlsx",20,"NUTRILON LAIT DE SUITE 800G NO2  6-12 M",4,"NUTRILON N0 1 800G",0.37
"COLEX CONTAINER KRUT.xlsx",22,"NUTRILON LAIT DE CROISSANCE 800G NO2+, 2Y+",5,"NUTRILON N0 2 800G",0.36
"COLEX CONTAINER KRUT.xlsx",23,"NUTRILON LAIT DE CROISSANCE 800G NO3+, 3Y+",8,"NUTRILON  N0  3+ 800G",0.36
"COLEX CONTAINER KRUT.xlsx",24,"O.B.ORIGINAL NORMAL B/16",335,"OB Tampons - Original Normal 16 pieces",0.47
"COLEX CONTAINER KRUT.xlsx",25,"O.B.ORIGINAL SUPER B/16",338,"OB Tampons - Original Super 16 pieces",0.47
"COLEX CONTAINER KRUT.xlsx",26,"O.B ORGINAL SUPER PLUS B/16",336,"OB Tampons - Original Super Plus 16 pieces",0.45
"COLEX CONTAINER KRUT.xlsx",42,"TAMPAX COMPAK SUPER PLUS 22 PCS",374,"TAMPAX SUPER PLUS TAMPONS 22'S",0.60
"COLEX CONTAINER KRUT.xlsx",29,"O.B PRO-COMFORT SUPER PLUS B/16",337,"OB Tampons - Pro-Comfort Super Plus 16 pieces",0.58
"COLEX CONTAINER KRUT.xlsx",27,"O.B PRO-COMFORT NORMAL  B/16",339,"OB Tampons - Pro-Comfort Normal 16 pieces",0.55
"COLEX CONTAINER KRUT.xlsx",28,"O.B PRO-COMFORT SUPER  B/16",340,"OB Tampons - Pro-Comfort Super 16 pieces",0.54
"COLEX CONTAINER KRUT.xlsx",34,"LISTERINE COOL MINT 250ML",779,"listerine coolmint 250ml",0.82
"COLEX CONTAINER KRUT.xlsx",35,"LISTERINE TOTAL CARE ZERO 250ML",783,"listerine total care 250ml",0.84
"COLEX CONTAINER KRUT.xlsx",37,"LISTERINE COOL MINT 500ML",781,"listerine coolmint 500ml",0.82
"COLEX CONTAINER KRUT.xlsx",38,"LISTERINE TOTAL CARE ZERO 250ML",783,"listerine total care 250ml",0.84
"COLEX CONTAINER KRUT.xlsx",56,"ORAL-B 3 DWHITE PERFECTION 75ML",710,"ORAL-B 3D WHITE PERFECTION TOOTHPSTE 75ML",0.62
"COLEX CONTAINER KRUT.xlsx",57,"ORAL-B 3 DWHITE LUXE CHARCOAL TOOTHPASTE 75ML",765,"ORAL-B 3D WHITE CHARCOAL TOOTHPASTE",0.63
"COLEX CONTAINER KRUT.xlsx",58,"ORAL-B SENSITIVITY&GUM CALM TOOTHPASTE 75ML",711,"ORAL-B 3D WHITE SENSIBILITY & GUM TOOTHPSTE 75ML",0.53
"COLEX CONTAINER KRUT.xlsx",62,"PARODONTAX ORIGINAL 75ML",748,"PARODONTAX  GUM-SENSITIVITY 75ML",0.39
"COLEX CONTAINER KRUT.xlsx",63,"PARODONTAX WHITENING 75ML",726,"PARADONTAX WHITENING TOOTH PASTE",0.46
"COLEX CONTAINER KRUT.xlsx",72,"SENSODYNE REPAIR&PROTECT",725,"SENSODYNE REPAIR & PROTECT TOOTH PASTE",0.69
"COLEX CONTAINER KRUT.xlsx",74,"SENSODYNE SENSITIVITY&GUM 750ML",768,"SENSODYNE SENSITIVITY & GUM 75ML",0.83
"COLEX CONTAINER KRUT.xlsx",80,"CANDEREL POCKET PACK B/100",682,"CANDEREL REFILL PACK 5*100",0.51
"COLEX CONTAINER KRUT.xlsx",81,"CANDEREL POCKET PACK B/300",676,"CANDEREL TABLET 300 PCS",0.43
"COLEX CONTAINER KRUT.xlsx",82,"CANDEREL TABLE SWETNER 75G",676,"CANDEREL TABLET 300 PCS",0.38
"COLEX CONTAINER KRUT.xlsx",41,"TAMPAX COMPAK SUPER  20 PCS",342,"tampax super 20's",0.59
"COLEX CONTAINER KRUT.xlsx",40,"TAMPAX COMPAK REGULAR  24 PCS",341,"tampax regular 20's",0.50
"COLEX CONTAINER KRUT.xlsx",96,"Labello original Classic Care balsam do ust 4.8g",419,"LABELLO ORIGINAL 24H 4.8G",0.42
"COLEX CONTAINER KRUT.xlsx",50,"Vicks VapoRub, ointment, 50 g",976,"VICKS VAPORUB 50G",0.52
"COLEX CONTAINER KRUT.xlsx",68,"SENSODYNE SOFT TOOTHBRUSH",716,"SENSODYNE SOFT TOOTHBRUSH B/4",0.86
"COLEX CONTAINER KRUT.xlsx",66,"PARODONTAX TOOTHBRUSH EXTRA-SOFT",862,"PARODONTAX EXPERT CLEAN EXTRA SOFT TOOTHBRUSH 3 PIECES",0.63
"COLEX CONTAINER KRUT.xlsx",67,"PARODONTAX TOOTHBRUSH EXTRA-SOFT",862,"PARODONTAX EXPERT CLEAN EXTRA SOFT TOOTHBRUSH 3 PIECES",0.63
"COLEX CONTAINER KRUT.xlsx",97,"Labello Sun Protect SPF 30balsam do ust 4.8g",421,"LABELLO 24H MELT-IN SUN PROTECTOR SPF 30",0.40
"COLEX CONTAINER KRUT.xlsx",60,"ORAL-B TOOTHPASTE 50ML 3+ ANS",110,"ORAL-B TOOTHPASTE 3-5 YEARS",0.58
"COLEX CONTAINER KRUT.xlsx",43,"TAMPAX COMPAK REGULAR 40 PCS",341,"tampax regular 20's",0.45
"COLEX CONTAINER KRUT.xlsx",44,"TAMPAX COMPAK SUPER 40 PCS",342,"tampax super 20's",0.43
"COLEX CONTAINER KRUT.xlsx",45,"TAMPAX COMPAK SUPER PLUS 40 PCS",343,"tampax super plus 20's",0.53
"COLEX CONTAINER KRUT.xlsx",71,"SENSODYNE GENTLE WHITENING  75ML",701,"Sensodyne 75ml gentle whitening toothpaste",0.74
"COLEX CONTAINER KRUT.xlsx",77,"ELMEX DENTIFRICE JUNIOR 6-12 ANS",104,"ELMEX DENTIFRICE KIDS 2-6 ANS",0.57
"COLEX CONTAINER KRUT.xlsx",30,"O.B PRO-COMFORT SUPER PLUS B/16",337,"OB Tampons - Pro-Comfort Super Plus 16 pieces",0.58
"DUBAI HEALTH.xlsx",132,"LISTERIN COOL MINT POCKET SIZE 95ML",784,"listerine coolmint 95ml pocket size",0.80
"DUBAI HEALTH.xlsx",133,"LISTERINE TOTAL CARE POCKET SIZE 95ML",786,"listerine total care 95ml Pocket size",1.00
"DUBAI HEALTH.xlsx",134,"LISTERIN FRESH BURST POCKET SIZE 95ML",785,"listerine freshburst 95ml pocket size",0.81
"DUBAI HEALTH.xlsx",135,"LISTERINE COOL MINT MOUTH WASH 250ML",779,"listerine coolmint 250ml",0.61
"DUBAI HEALTH.xlsx",45,"COLGATE BOY 3Y+ ELECTRIC TOOTHBRUSH",109,"ORAL-B JUNIOR ELECTRIC TOOTHBRUSH 6+",0.42
"DUBAI HEALTH.xlsx",46,"COLGATE GIRL 3Y+ ELECTRIC TOOTHBRUSH",109,"ORAL-B JUNIOR ELECTRIC TOOTHBRUSH 6+",0.38
"DUBAI HEALTH.xlsx",47,"COLGATE BABY TOOTHBRUSH 0-2 Y",815,"COLOGATE BABY TOOTHBRUSH 0-2YR B/1",0.64
"DUBAI HEALTH.xlsx",49,"COLGATE JUNIOR  GIRL TOOTHBRUSH 5Y+",1111,"JUNIOR TOOTHBRUSH 6-9 YEARS",0.41
"DUBAI HEALTH.xlsx",50,"COLGATE JUNIOR  BOY TOOTHBRUSH 5Y+",814,"COLOGATE BABY TOOTHBRUSH 2-5YR B/1",0.43
"DUBAI HEALTH.xlsx",23,"ORA-B  GIRL 3Y+ ELECTRIC TOOTHBRUSH",109,"ORAL-B JUNIOR ELECTRIC TOOTHBRUSH 6+",0.56
"DUBAI HEALTH.xlsx",48,"COLGATE KID TOOTHBRUSH 2-5 Y+ B/3",814,"COLOGATE BABY TOOTHBRUSH 2-5YR B/1",0.49
"DUBAI HEALTH.xlsx",27,"ORAL-B KIDS JUNIOR 5-7  MANUAL TOOTHBRUSH",1109,"KIDS MANUAL TOOTHBRUSH 3-5ANS",0.52
"DUBAI HEALTH.xlsx",58,"NIVEA HEALTH HAND CREAM 75ML",485,"NIVEA Q10 HAND CREAM 30ML",0.50
"DUBAI HEALTH.xlsx",65,"DETTOL ORIGINAL WIPES 10*40",308,"DETTOL WIPES",0.46
"DUBAI HEALTH.xlsx",67,"DETTOL ANTISEPTIC LIQUID ORIGINAL 60ML",501,"DETTOL ANTISEPTIC LIQUID 250ML",0.63
"DUBAI HEALTH.xlsx",68,"DETTOL ANTISEPTIC LIQUID ORIGINAL 125 ML",500,"DETTOL ANTISEPTIC LIQUID 125ML",0.67
"DUBAI HEALTH.xlsx",69,"DETTOL ANTISEPTIC LIQUID ORIGINAL 250 ML",501,"DETTOL ANTISEPTIC LIQUID 250ML",0.67
"DUBAI HEALTH.xlsx",70,"DETTOL ANTISEPTIC LIQUID ORIGINAL 550 ML",502,"DETTOL ANTISEPTIC LIQUID 550ML",0.67
"DUBAI HEALTH.xlsx",71,"DETTOL ANTISEPTIC LIQUID ORIGINAL 1L",500,"DETTOL ANTISEPTIC LIQUID 125ML",0.62
"DUBAI HEALTH.xlsx",72,"DUREX FEEL THIN/3; PACK/27",699,"DUREX INVISIBLE/3; PACK/27",0.44
"DUBAI HEALTH.xlsx",74,"DUREX EXTRA RIBBED/3; PACK/27",688,"DUREX B/3 EXTRA RIBBED",0.68
"DUBAI HEALTH.xlsx",75,"DUREX EXTRA DOTS/3; PACK/27",690,"DUREX B/3 EXTRA-DOT",0.55
"DUBAI HEALTH.xlsx",76,"DUREX EXTRA TIME/3; PACK/27",689,"DUREX B/3 EXTRA-TIME",0.66
"DUBAI HEALTH.xlsx",77,"DUREX EXTRA RIBBED B/10",685,"DUREX B/10 EXTRA-RIBBED",1.00
"DUBAI HEALTH.xlsx",78,"DUREX EXTRA TIME B/10",687,"DUREX B/1O EXTRA-TIME",0.83
"DUBAI HEALTH.xlsx",79,"DUREX EXTRA DOTS/10;",684,"DUREX B/10 EXTRA-DOT",0.77
"DUBAI HEALTH.xlsx",83,"KOTEX MAX PADS SUPER WINGS 16'S",345,"U kotex tampons super 16'",0.37
"DUBAI HEALTH.xlsx",80,"DUREX INTENSE ORGASMIC GEL 10 ML",696,"DUREX  ORAGASMIC INTENSE 10ML",0.63
"DUBAI HEALTH.xlsx",81,"DUREX RUBRICANT PLAY 50ML",697,"DUREX  PLAY CLASSIC LUBRICANT H2O 50ml",0.56
"DUBAI HEALTH.xlsx",82,"DUREX PLAY PERFECT GLIDE 50ML",695,"DUREX LUBRICANT PERFECT GLIDE 50ML",0.64
"DUBAI HEALTH.xlsx",85,"VEET MEN NORMAL SKIN HAIR REMOVAL 100ML",497,"VEET CREAM NORMAL SKIN 100ML",0.51
"DUBAI HEALTH.xlsx",86,"VEET NORMAL SKIN  HAIR REMOVAL 100ML",497,"VEET CREAM NORMAL SKIN 100ML",0.56
"DUBAI HEALTH.xlsx",87,"VEET SENSITIVE SKIN HAIR REMOVAL CREAM 100ML",499,"VEET CREAM SENSITIVE 100ML",0.61
"DUBAI HEALTH.xlsx",88,"VEET DRY SKIN HAIR REMOVAL CREAM 100ML",498,"VEET CREAM DRY SKIN 100ML",0.67
"DUBAI HEALTH.xlsx",89,"VEET WAX STRIPS NORMAL   SKIN 20 PCS",516,"VEET WAX STRIPS DRY SKIN 20 PCS",0.71
"DUBAI HEALTH.xlsx",136,"LISTERINE FRESHBURST MOUTH WASH 250ML",780,"listerine freshburst 250ml",0.71
"DUBAI HEALTH.xlsx",137,"LISTERINE COOL MINT 250ML",779,"listerine coolmint 250ml",0.82
"DUBAI HEALTH.xlsx",138,"LISTERINE TOTAL CARE ZERO 250ML",783,"listerine total care 250ml",0.84
"DUBAI HEALTH.xlsx",140,"LISTERINE COOL MINT 500ML",781,"listerine coolmint 500ml",0.82
"DUBAI HEALTH.xlsx",141,"LISTERINE TOTAL CARE ZERO 500ML",783,"listerine total care 250ml",0.64
"DUBAI HEALTH.xlsx",51,"COLGATTE BABY 0-2YRS",101,"COLGATTE BABYTOOTHPASTE 6-9YRS",0.42
"DUBAI HEALTH.xlsx",55,"VASELINE HEALTHY HAND CREAM 75ML",486,"VASELINE HAND AND NAIL CREAM 75ML",0.64
"DUBAI HEALTH.xlsx",56,"VASELINE HYDRA STRENGTH HAND CREAM 75ML",486,"VASELINE HAND AND NAIL CREAM 75ML",0.54
"DUBAI HEALTH.xlsx",57,"VASELINE CRACKED HEEL RRESCUE FOOT CREAM 75ML",486,"VASELINE HAND AND NAIL CREAM 75ML",0.38
"DUBAI HEALTH.xlsx",60,"NIVEA WATERMELON SHINE LIP BALM 4.8G",407,"Labello Lipcare - Watermelon Shine 4.8 gr.",0.43
"DUBAI HEALTH.xlsx",61,"NIVEA STRAWBERRY SHINE LIP BALM 4.8G",418,"NIVEA ORIGINAL CARE LIP BALM 4.8G",0.40
"DUBAI HEALTH.xlsx",99,"SENSODYNE GENTLE WHITENING  75ML",701,"Sensodyne 75ml gentle whitening toothpaste",0.74
"DUBAI HEALTH.xlsx",100,"SENSODYNE REPAIR&PROTECT 75ML",725,"SENSODYNE REPAIR & PROTECT TOOTH PASTE",0.61
"DUBAI HEALTH.xlsx",103,"SENSODYNE SOFT TOOTHBRUSH B/3",716,"SENSODYNE SOFT TOOTHBRUSH B/4",0.87
"DUBAI HEALTH.xlsx",104,"SENSODYNE COMPLETE& PROTECTION  SENSI TOOTHBRUSH",767,"SENSODYNE COMPLETE & PROTECTION 75ML",0.63
"DUBAI HEALTH.xlsx",105,"SENSODYNE EXTRA SOFT TOOTHBRUSH",716,"SENSODYNE SOFT TOOTHBRUSH B/4",0.71
"DUBAI HEALTH.xlsx",106,"PARODONTAX ORIGINAL TOOTHPASTE  75ML",775,"PARODONTAX CLASSIC TOOTHPASTE 75ML",0.61
"DUBAI HEALTH.xlsx",107,"PARODONTAX WHITENING TOOTHPASTE  75ML",726,"PARADONTAX WHITENING TOOTH PASTE",0.66
"DUBAI HEALTH.xlsx",108,"PARODONTAX COMPLETE PROTECTION TOOTHPASTE 75ML",751,"PARODONTAX COMPLETE PROTECTION 75ML",0.78
"DUBAI HEALTH.xlsx",109,"PARODONTAX  ACTIVE GUM REPAIR TOOTHPASTE 75ML",771,"PARODONTAX ACTIVE GUM REPAIR 75ML",0.76
"DUBAI HEALTH.xlsx",110,"PARODONTAX  GENCIVES &SENSITIVITY + HALEIN TOOTHPASTE 75ML",778,"PARODONTAX GUM&SENSITIVITY MINI 15ML TOOTHPASTE",0.56
"DUBAI HEALTH.xlsx",111,"PARODONTAX TOOTH-BRUSH  SOFT",862,"PARODONTAX EXPERT CLEAN EXTRA SOFT TOOTHBRUSH 3 PIECES",0.45
"DUBAI HEALTH.xlsx",112,"PARODONTAX TOOTH-BRUSH  EXTRA-SOFT",862,"PARODONTAX EXPERT CLEAN EXTRA SOFT TOOTHBRUSH 3 PIECES",0.56
"DUBAI HEALTH.xlsx",113,"PARODONTAX TOOTHBRUSH EXTRA CREAN B/3",862,"PARODONTAX EXPERT CLEAN EXTRA SOFT TOOTHBRUSH 3 PIECES",0.58
"DUBAI HEALTH.xlsx",164,"SUDOCREM 60G",294,"SUDOCREAM 60g",0.69
"DUBAI HEALTH.xlsx",165,"SUDOCREM 125G",295,"SUDOCREAM 125g",0.71
"DUBAI HEALTH.xlsx",166,"SUDOCREM 250G",296,"SUDOCREAM 250g",0.71
"DUBAI HEALTH.xlsx",128,"CERELAC BANANA 500G 6M+",24,"CERELAC BANANA 500G",0.86
"DUBAI HEALTH.xlsx",129,"CERELAC NESTLE MIXED FRUIT 250G, 9M+",27,"CERELAC MIXED FRUIT 200G",0.58
"DUBAI HEALTH.xlsx",130,"CERELAC NESTLE TROPICAL FRUIT FLAVOUR 250G, 12M+",26,"CERELAC TROPICAL FRUIT 200G",0.51
"DUBAI HEALTH.xlsx",143,"KOTEX EVERY DAY PANTYLINER SCANTED B/20",349,"U kotex pantyliner regular 20",0.41
"DUBAI HEALTH.xlsx",144,"KOTEX PANTYLINER REGULAR B/100",347,"U kotex pantyliner regular 100'",0.88
"DUBAI HEALTH.xlsx",145,"KOTEX TAMPONS REGULAR 8",344,"U kotex tampons regular 16'",0.76
"DUBAI HEALTH.xlsx",146,"KOTEX TAMPONS SUPER 8",345,"U kotex tampons super 16'",0.74
"DUBAI HEALTH.xlsx",147,"KOTEX TAMPON NORMAL B/16",366,"KOTEX TAMPON B/32",0.54
"DUBAI HEALTH.xlsx",148,"KOTEX TAMPON SUPER B/16",345,"U kotex tampons super 16'",0.75
"DUBAI HEALTH.xlsx",149,"KOTEX MAX PADS SUPER WINGS 16'S",345,"U kotex tampons super 16'",0.37
"DUBAI HEALTH.xlsx",152,"DOVE COTTON WOOL WAND 80'S",520,"DOVE FINE COTTON WOOL DUA TEXTURED 80 PADS",0.42
"DUBAI HEALTH.xlsx",153,"DOVE COTTON WOOL CLOUDS 60G",519,"DOVE PURE COTTON 200 BUDS",0.36
"DUBAI HEALTH.xlsx",162,"BETADINNE GENTLE PROTECTION INTIMATE WASH 150ML",356,"BETADINE INTIMATE WASH DAILY GENTLE 200ML",0.53
"DUBAI HEALTH.xlsx",163,"BETADINE ODOUR CONTROL INTIMATE WASH 150ML",354,"BETADINE INTIMATE WASH ODOR BLOC 200ML",0.53
"SOUTH AFRICA FMCG PRODUCTS.xlsx",28,"KOTEX PANTYLINER REGULAR B/100",347,"U kotex pantyliner regular 100'",0.88
"SOUTH AFRICA FMCG PRODUCTS.xlsx",29,"KOTEX TAMPON NORMAL B/16",366,"KOTEX TAMPON B/32",0.54
"SOUTH AFRICA FMCG PRODUCTS.xlsx",30,"KOTEX TAMPON SUPER B/16",345,"U kotex tampons super 16'",0.75
"SOUTH AFRICA FMCG PRODUCTS.xlsx",44,"CERELAC NESTLE MIXED FRUIT 250G, 9M+",27,"CERELAC MIXED FRUIT 200G",0.58
"SOUTH AFRICA FMCG PRODUCTS.xlsx",26,"KOTEX PANTYLINER REGULAR B/20",349,"U kotex pantyliner regular 20",0.88
"SOUTH AFRICA FMCG PRODUCTS.xlsx",37,"MORTEIN 30 NIGHT LIQUIDNREFILL",653,"MORTEIN 30 NIGHT LIQUID REFILL",0.82
"SOUTH AFRICA FMCG PRODUCTS.xlsx",27,"KOTEX PANTYLINER REGULAR B/40",348,"U kotex pantyliner regular 40'",0.88
"SOUTH AFRICA FMCG PRODUCTS.xlsx",32,"BETADINE GENTLE INTIMATE WIPES B/10",360,"BETADINE INTIMATE WIPES DAILY GENTLE 10/PACK",0.74
"SOUTH AFRICA FMCG PRODUCTS.xlsx",33,"BETADINE ODOUR CONTROL INTIMATE WIPES B/11",358,"BETADINE INTIMATE WIPES ODOR BLOC 10/PACK",0.51
"SOUTH AFRICA FMCG PRODUCTS.xlsx",42,"CERELAC  REGULAR 1KG",23,"CERELAC REGUAL WHEAT 1KG",0.55
"SOUTH AFRICA FMCG PRODUCTS.xlsx",43,"CERELAC  REGULAR 500G",22,"CERELAC REGULAR WHEAT 500G",0.78
"SOUTH AFRICA FMCG PRODUCTS.xlsx",45,"CERELAC  REGULAR 200G",21,"CERELAC REGULAR WHEAT 200G",0.78
"SOUTH AFRICA FMCG PRODUCTS.xlsx",41,"CERELAC BANANA 250G 6M+",25,"CERELAC BANANA 200G",0.64
"SOUTH AFRICA FMCG PRODUCTS.xlsx",40,"CERELAC BANANA 500G 6M+",24,"CERELAC BANANA 500G",0.86
"SOUTH AFRICA FMCG PRODUCTS.xlsx",46,"CERELAC NESTLE TROPICAL FRUIT FLAVOUR 250G, 12M+",26,"CERELAC TROPICAL FRUIT 200G",0.51
"ange reading glasses action pic1.xlsx",11,"PC LENS(CLEAR)",990,"PC LENS(CLEAR) #PC 20 -G0 (17-23% TINT)",0.47
"ange reading glasses action pic1.xlsx",12,"PC LENS(LIGHT YELLOW)",991,"PC LENS(LIGHT YELLOW) #PC 40 (37%-43% TINT)",0.61
"ange reading glasses action pic1.xlsx",13,"PC LENSES (ORANGE)",992,"PC LENSES (ORANGE) #PC90 (87%-93% TINT)",0.55
"ange reading glasses action pic1.xlsx",14,"PC LENSES(RED)",993,"PC LENSES(RED) #PC100 (96%-100% TINT)",0.50
"ange reading glasses action pic1.xlsx",15,"NYLON LENSES(CLEAR)",994,"NYLON LENSES(CLEAR) #CTR30-BB (27%-33% TINT)",0.50
"ange reading glasses action pic1.xlsx",16,"NYLON LENSES(LIGHT YELLOW)",995,"NYLON LENSES(LIGHT YELLOW) #CTR45-BB (42%-48% TINT)",0.57
"ange reading glasses action pic1.xlsx",17,"NYLON LENSES(TEA)",996,"NYLON LENSES(TEA) #CTR50-BB (47%-53% TINT)",0.47
"ange reading glasses action pic1.xlsx",18,"NYLON LENSES(RED)",997,"NYLON LENSES(RED) #CTR100 (96%-100% TINT)",0.50
"ange reading glasses action pic1.xlsx",19,"CR 39 LENSES(CLEAR)",998,"CR 39 LENSES(CLEAR) #CR20-BG (18%-23% TINT)",0.51
"ange reading glasses action pic1.xlsx",20,"CR 39 LENSES(LIGHT YELLOW)",1002,"CR 39 LENSES(LIGHT YELLOW) CR35-B0 (32%-38% TINT)",0.63
"ange reading glasses action pic1.xlsx",21,"CR 39 LENSES(YELLOW)",999,"CR 39 LENSES(YELLOW) #CR85-BG (82%-88% TINT)",0.56
"ange reading glasses action pic1.xlsx",22,"CR 39 LENSES(ORANGE)",1000,"CR 39 LENSES(ORANGE) #CR95-BB (92%-97% TINT)",0.56
"ange reading glasses action pic1.xlsx",23,"CR 39 LENSES(D-ORANGE)",1001,"CR 39 LENSES(D-ORANGE) #CR100-BG (99%-100% TINT)",0.56
"ange reading glasses action pic1.xlsx",25,"PC LENSES(CLEAR)",990,"PC LENS(CLEAR) #PC 20 -G0 (17-23% TINT)",0.39
"ange reading glasses action pic1.xlsx",26,"PC LENSES(LIGHT YELLOW)",991,"PC LENS(LIGHT YELLOW) #PC 40 (37%-43% TINT)",0.53
"ange reading glasses action pic1.xlsx",27,"PC LENSES(ORANGE)",992,"PC LENSES (ORANGE) #PC90 (87%-93% TINT)",0.55
"ange reading glasses action pic1.xlsx",28,"PC LENSES(RED)",993,"PC LENSES(RED) #PC100 (96%-100% TINT)",0.50
"ange reading glasses action pic1.xlsx",29,"NYLON LENSES(CLEAR)",994,"NYLON LENSES(CLEAR) #CTR30-BB (27%-33% TINT)",0.50
"ange reading glasses action pic1.xlsx",30,"NYLON LENSES(LIGHT YELLOW)",995,"NYLON LENSES(LIGHT YELLOW) #CTR45-BB (42%-48% TINT)",0.57
"ange reading glasses action pic1.xlsx",31,"NYLON LENSES(TEA)",996,"NYLON LENSES(TEA) #CTR50-BB (47%-53% TINT)",0.47
"ange reading glasses action pic1.xlsx",32,"NYLON LENSES(RED)",997,"NYLON LENSES(RED) #CTR100 (96%-100% TINT)",0.50
"ange reading glasses action pic1.xlsx",33,"CR 39 LENSES(CLEAR)",998,"CR 39 LENSES(CLEAR) #CR20-BG (18%-23% TINT)",0.51
"ange reading glasses action pic1.xlsx",34,"CR 39 LENSES(LIGHT YELLOW)",1002,"CR 39 LENSES(LIGHT YELLOW) CR35-B0 (32%-38% TINT)",0.63
"ange reading glasses action pic1.xlsx",35,"CR39 LENSES(YELLOW)",999,"CR 39 LENSES(YELLOW) #CR85-BG (82%-88% TINT)",0.45
"ange reading glasses action pic1.xlsx",36,"CR39 LENSES(ORANGE)",1000,"CR 39 LENSES(ORANGE) #CR95-BB (92%-97% TINT)",0.45
"ange reading glasses action pic1.xlsx",37,"CR39 LENSES(D.ORANGE)",1001,"CR 39 LENSES(D-ORANGE) #CR100-BG (99%-100% TINT)",0.46
"ange reading glasses action pic1.xlsx",39,"PC LENSES(CLEAR)",990,"PC LENS(CLEAR) #PC 20 -G0 (17-23% TINT)",0.39
"ange reading glasses action pic1.xlsx",40,"PC LENSES(LIGHT YELLOW)",991,"PC LENS(LIGHT YELLOW) #PC 40 (37%-43% TINT)",0.53
"ange reading glasses action pic1.xlsx",41,"PC Lenses(ORANGE)",992,"PC LENSES (ORANGE) #PC90 (87%-93% TINT)",0.55
"ange reading glasses action pic1.xlsx",42,"PC Lenses(RED)",993,"PC LENSES(RED) #PC100 (96%-100% TINT)",0.50
"ange reading glasses action pic1.xlsx",43,"NYLON LENSES(CLEAR)",994,"NYLON LENSES(CLEAR) #CTR30-BB (27%-33% TINT)",0.50
"ange reading glasses action pic1.xlsx",44,"NYLON LENSES(LIGHT YELLOW)",995,"NYLON LENSES(LIGHT YELLOW) #CTR45-BB (42%-48% TINT)",0.57
"ange reading glasses action pic1.xlsx",45,"NYLON LENSES(TEA)",996,"NYLON LENSES(TEA) #CTR50-BB (47%-53% TINT)",0.47
"ange reading glasses action pic1.xlsx",46,"NYLON LENSES(RED)",997,"NYLON LENSES(RED) #CTR100 (96%-100% TINT)",0.50
"ange reading glasses action pic1.xlsx",47,"CR 39 Lenses(Clear)",998,"CR 39 LENSES(CLEAR) #CR20-BG (18%-23% TINT)",0.51
"ange reading glasses action pic1.xlsx",49,"CR 39 Lenses(YELLOW)",999,"CR 39 LENSES(YELLOW) #CR85-BG (82%-88% TINT)",0.56
"ange reading glasses action pic1.xlsx",48,"'CR 39 Lenses(LIGHT YELLOW)",1002,"CR 39 LENSES(LIGHT YELLOW) CR35-B0 (32%-38% TINT)",0.63
"ange reading glasses action pic1.xlsx",50,"CR 39 Lenses(0RANGE)",1000,"CR 39 LENSES(ORANGE) #CR95-BB (92%-97% TINT)",0.44
"ange reading glasses action pic1.xlsx",51,"CR 39 Lenses(D.0RANGE)",1001,"CR 39 LENSES(D-ORANGE) #CR100-BG (99%-100% TINT)",0.45
"ange reading glasses action pic1.xlsx",53,"PC LENSES(CLEAR)",990,"PC LENS(CLEAR) #PC 20 -G0 (17-23% TINT)",0.39
"ange reading glasses action pic1.xlsx",54,"PC LENSES(LIGHT YELLOW)",991,"PC LENS(LIGHT YELLOW) #PC 40 (37%-43% TINT)",0.53
"ange reading glasses action pic1.xlsx",55,"PC LENSES(ORANGE)",992,"PC LENSES (ORANGE) #PC90 (87%-93% TINT)",0.55
"ange reading glasses action pic1.xlsx",56,"PC LENSES(RED)",993,"PC LENSES(RED) #PC100 (96%-100% TINT)",0.50
"ange reading glasses action pic1.xlsx",57,"NYLON LENS(CLEAR)",994,"NYLON LENSES(CLEAR) #CTR30-BB (27%-33% TINT)",0.41
"ange reading glasses action pic1.xlsx",58,"NYLON LENS(Light Yellow)",995,"NYLON LENSES(LIGHT YELLOW) #CTR45-BB (42%-48% TINT)",0.49
"ange reading glasses action pic1.xlsx",59,"NYLON LENS(Tea)",996,"NYLON LENSES(TEA) #CTR50-BB (47%-53% TINT)",0.38
"ange reading glasses action pic1.xlsx",60,"NYLON LENS(Red)",997,"NYLON LENSES(RED) #CTR100 (96%-100% TINT)",0.40
"ange reading glasses action pic1.xlsx",61,"CR 39 Lenses(CLEAR)",998,"CR 39 LENSES(CLEAR) #CR20-BG (18%-23% TINT)",0.51
"ange reading glasses action pic1.xlsx",62,"CR 39 Lenses(Light Yellow)",1002,"CR 39 LENSES(LIGHT YELLOW) CR35-B0 (32%-38% TINT)",0.63
"ange reading glasses action pic1.xlsx",63,"CR 39 Lenses(Yellow)",999,"CR 39 LENSES(YELLOW) #CR85-BG (82%-88% TINT)",0.56
"ange reading glasses action pic1.xlsx",64,"CR 39 Lenses(Orange)",1000,"CR 39 LENSES(ORANGE) #CR95-BB (92%-97% TINT)",0.56
"ange reading glasses action pic1.xlsx",65,"CR 39 Lenses(D. Orange )",1001,"CR 39 LENSES(D-ORANGE) #CR100-BG (99%-100% TINT)",0.56
"IBS  HAIR HAIR.xlsx",44,"VI. GRO SECRETS",889,"GRO SECRETS SHINE POMMADE 6OZ",0.38
"IBS  HAIR HAIR.xlsx",32,"IV. CANTU KIDS",904,"CANTU KIDS CURLING CREAM 8 OZ",0.35
"IBS  HAIR HAIR.xlsx",30,"IV. CANTU KIDS",904,"CANTU KIDS CURLING CREAM 8 OZ",0.35
"IBS  HAIR HAIR.xlsx",42,"VI. GRO SECRETS",889,"GRO SECRETS SHINE POMMADE 6OZ",0.38
"BABY BRAND DIRECT 4.xlsx",14,"Béaba Ergonomic Silicone Spoons 4Pk Eucalyptus",251,"BEABA ERGONOMIC SILICONE SPOONS 4PK EUCALYPTUS",0.88
"BABY BRAND DIRECT 4.xlsx",20,"NUK Stackable Food Pots 6Pk",176,"NUK FOOD POTS 6 M+",0.48
"BABY BRAND DIRECT 4.xlsx",25,"Philips Avent Disposable Breastpads Day 60Pk",131,"PHILIPS AVENT BREAST PADS, BOX OF 60 PIECES",0.42
"BABY BRAND DIRECT 4.xlsx",29,"Philips Avent Air Soother Boy 0-6m 2Pk",258,"PHILIPS AVENT AIR SOOTHER BOY 6-12M 2PK",0.79
"BABY BRAND DIRECT 4.xlsx",30,"Philips Avent Air Soother Girl 0-6m 2Pk",259,"PHILIPS AVENT AIR SOOTHER GIRL 6-12M 2PK",0.80
"BABY BRAND DIRECT 4.xlsx",34,"Bébéconfort Set of 3 Toothbrushes",117,"BEBECONFORT SET OF 3 TOOTHBRUSHES",0.74
"BABY BRAND DIRECT 4.xlsx",35,"TOMME TIPPEE CLOSURE TO NATURE 150ML BOT",208,"TOMMEE TIPPEE CLOSER TO NATURE BOTTLE 150ML 3PK",0.67
"BABY BRAND DIRECT 4.xlsx",36,"TOMME TIPPEE CLOSURE TO NATURE 260ML BOT",209,"TOMMEE TIPPEE CLOSER TO NATURE BOTTLE 260ML 3PK",0.67
"BABY BRAND DIRECT 4.xlsx",37,"TOMME TIPPEE CLOSURE TO NATURER B 340ML",211,"TOMMEE TIPPEE CLOSER TO NATURE BOTTLE 340ML 2PK",0.63
"BABY BRAND DIRECT 4.xlsx",38,"TOMMEE TIPPEE COLOR MY WORLD",260,"TOMMEE TIPPEE COLOR MY WORLD BOTTLE SET",0.71
"BABY BRAND DIRECT 4.xlsx",39,"TOMME TIPPE CLOSER TO N TEAT 0M+",261,"TOMMEE TIPPEE CLOSER TO NATURE TEAT 0M+",0.68
"BABY BRAND DIRECT 4.xlsx",40,"TOMME TIPPE CLOSER TO N TEAT 6M+",262,"TOMMEE TIPPEE CLOSER TO NATURE TEAT 6M+",0.68
"BABY BRAND DIRECT 4.xlsx",41,"TOMME TIPPE CLOSER TO NATURE NEW BORN SET",263,"TOMMEE TIPPEE CLOSER TO NATURE NEW BORN SET",0.88
"BABY BRAND DIRECT 4.xlsx",42,"TOMME TIPPE CLOSER TO NATURE 2 BOTTLES SET 340ML",211,"TOMMEE TIPPEE CLOSER TO NATURE BOTTLE 340ML 2PK",0.70
"BABY BRAND DIRECT 4.xlsx",43,"TOMME TIPPEE FIESTA BOTTLES 260ML 6PK",212,"TOMMEE TIPPEE FIESTA BOTTLES 260ML 6PK",0.95
"BABY BRAND DIRECT MIX (1).xlsx",20,"TOMME TIPPEE CLOSER TO NATURE MEDIUM FLOW TEAT 2PK",206,"TOMMEE TIPPEE CLOSER TO NATURE MEDIUM FLOW TEAT 2PK",0.96
"BABY BRAND DIRECT MIX (1).xlsx",21,"TOMME TIPPEE CLOSER TO NATURE FAST FLOW TEAT 2PK",207,"TOMMEE TIPPEE CLOSER TO NATURE FAST FLOW TEAT 2PK",0.96
"BABY BRAND DIRECT MIX (1).xlsx",22,"TOMME TIPPEE CLOSER TO NATURE BOTTLE 150ML 3PK",208,"TOMMEE TIPPEE CLOSER TO NATURE BOTTLE 150ML 3PK",0.96
"BABY BRAND DIRECT MIX (1).xlsx",23,"TOMME TIPPEE CLOSER TO NATURE BOTTLE 260ML 3PK",209,"TOMMEE TIPPEE CLOSER TO NATURE BOTTLE 260ML 3PK",0.96
"BABY BRAND DIRECT MIX (1).xlsx",24,"TOMME TIPPEE CLOSER TO NATURE BOTTLE 260ML 1PK",210,"TOMMEE TIPPEE CLOSER TO NATURE BOTTLE 260ML 1PK",0.96
"BABY BRAND DIRECT MIX (1).xlsx",25,"TOMME TIPPEE CLOSER TO NATURE BOTTLE 340ML 2PK",211,"TOMMEE TIPPEE CLOSER TO NATURE BOTTLE 340ML 2PK",0.96
"BABY BRAND DIRECT MIX (1).xlsx",26,"TOMME TIPPEE FIESTA BOTTLES 260ML 6PK",212,"TOMMEE TIPPEE FIESTA BOTTLES 260ML 6PK",0.95
"BABY BRAND DIRECT MIX (1).xlsx",29,"NUK FIRST CHOICE TEMPERATURE CONTROL 150ML 2PK",213,"NUK FIRST CHOICE TEMPERATURE CONTROL BOTTLE 150ML 2PK",0.87
"BABY BRAND DIRECT MIX (1).xlsx",28,"NUK FIRST CHOICE SILICONE TEAT 6-18 M MEDIUM",161,"NUK TEAT 6-18 M",0.36
"BABY BRAND DIRECT MIX (1).xlsx",30,"NUK FIRST CHOICE TEMPERATURE CONTROL 300ML 1PK",214,"NUK FIRST CHOICE TEMPERATURE CONTROL BOTTLE 300ML 1PK",0.87
"BABY BRAND DIRECT MIX (1).xlsx",41,"MUNCHKIN FOLD DRYING RAK",225,"MUNCHKIN FOLD DRYING RACK",0.82
"BABY BRAND DIRECT MIX (1).xlsx",42,"TOMME TIPPE CLOSER TO NATURE MODA SOOTHER 0-6M 2PK",226,"TOMMEE TIPPEE CLOSER TO NATURE MODA SOOTHER 0-6M 2PK",0.90
"BABY BRAND DIRECT MIX (1).xlsx",43,"TOMME TIPPE CLOSER TO NATURE MODA SOOTHER 6-18M 2PK",227,"TOMMEE TIPPEE CLOSER TO NATURE MODA SOOTHER 6-18M 2PK",0.90
"BABY BRAND DIRECT MIX (1).xlsx",45,"MUNCHKIN SCOPER SPOON 2PK",229,"MUNCHKIN SCOOPER SPOON 2PK",0.89
"BABY BRAND DIRECT MIX (1).xlsx",54,"NUK STACKABLE FOOD POTS",176,"NUK FOOD POTS 6 M+",0.50
"BABY BRAND DIRECT MIX (1).xlsx",55,"TOMME TIPPEE 360 HANDLED CUP 200ML",238,"TOMMEE TIPPEE 360 HANDLED CUP 200ML",0.94
"POLAND HEALTHCARE.xlsx",26,"PARODONTAX ORIGINAL 75ML",748,"PARODONTAX  GUM-SENSITIVITY 75ML",0.39
"POLAND HEALTHCARE.xlsx",33,"SENSODYNE RAPID ACTION TOOTHPASTE 75ML",737,"SENSODYNE RAPID ACTION 75ML",0.72
"POLAND HEALTHCARE.xlsx",34,"SENSODYNE RAPID RELEIF  75ML",738,"SENSODYNE RAPID RELIEF 75ML",0.74
"POLAND HEALTHCARE.xlsx",36,"SENSODYNE GENTLE WHITENING  75ML",701,"Sensodyne 75ml gentle whitening toothpaste",0.74
"POLAND HEALTHCARE.xlsx",37,"SENSODYNE REPAIR&PROTECT 75ML",725,"SENSODYNE REPAIR & PROTECT TOOTH PASTE",0.61
"POLAND HEALTHCARE.xlsx",28,"PARODONTAX  GENCIVES &SENSITIVITY + HALEIN +ORIGINAL TOOTHPASTE 75ML",778,"PARODONTAX GUM&SENSITIVITY MINI 15ML TOOTHPASTE",0.49
"POLAND HEALTHCARE.xlsx",48,"ELMEX BABY TOOTHPASTE  0-6ANS 50ML",61,"STEP BY STEP 0-3 TOOTH PASTE 50ML",0.41
"POLAND HEALTHCARE.xlsx",40,"LISTERINE TOTAL CARE POCKET SIZE 95ML",786,"listerine total care 95ml Pocket size",1.00
"POLAND HEALTHCARE.xlsx",41,"LISTERINE COOL MINT MOUTH WASH 250ML",779,"listerine coolmint 250ml",0.61
"POLAND HEALTHCARE.xlsx",42,"LISTERINE FRESHBURST MOUTH WASH 250ML",780,"listerine freshburst 250ml",0.71
"POLAND HEALTHCARE.xlsx",43,"LISTERINE TOTAL CARE ZERO 250ML",783,"listerine total care 250ml",0.84
"POLAND HEALTHCARE.xlsx",46,"LISTERINE COOL MINT 500ML",781,"listerine coolmint 500ml",0.82
"POLAND HEALTHCARE.xlsx",21,"ALWAYS SUPER LONG 16""S",352,"Always pantyliner Long 16'",0.50
"POLAND HEALTHCARE.xlsx",31,"SENSODYNE GENTLE CARE SOFT SOFT 3 PCS TOOTHBRUSH",861,"SENSODYNE GENTLE CARE SOFT TOOTHBRUSH 3 PCS",1.00
"POLAND HEALTHCARE.xlsx",30,"PARODONTAX EXPERT CLEAN EXTRA SOFT EXTRA SOFT TOOTHBRUSH 3 PIECES",862,"PARODONTAX EXPERT CLEAN EXTRA SOFT TOOTHBRUSH 3 PIECES",1.00
"POLAND HEALTHCARE.xlsx",51,"ELMEX SWISS MADE SUPER SOFT 3-PACK VERY SOFT",863,"ELMEX SWISS MADE SUPER SOFT 3-PACK VERY SOFT TOOTHBRUSH",0.78
"POLAND HEALTHCARE.xlsx",49,"ELMEX JUNIOR TOOTHPASTE 6-12 ANS 75ML",72,"ELMEX JUNIOR TOOTH PASTE 6-12",0.66
"POLAND HEALTHCARE.xlsx",50,"ELMEX JUNIOR CARIE PROTECTION 50ML 6-12 YRS",115,"ELMEX BABY CARIE PROTECTION 50ML 0-6 YRS",0.67
"POLAND HEALTHCARE.xlsx",27,"PARODONTAX COMPLETE & PROTECTION ORIGINAL 75ML",751,"PARODONTAX COMPLETE PROTECTION 75ML",0.80
"POLAND HEALTHCARE.xlsx",44,"LISTERINE SMART RINCE MILD BERRY MOUTHWASH 250ML",805,"LISTERINE SMART RINSE MILD BERRY MOUTHWASH 250ML",0.88
"POLAND HEALTHCARE.xlsx",45,"LISTERINE SMART RINCE MILD MINT MOUTHWASH 250ML",806,"LISTERINE SMART RINSE MILD MINT MOUTHWASH 250ML",0.87
"POLAND HEALTHCARE.xlsx",16,"O.B PRO-COMFORT NORMAL  B/16",339,"OB Tampons - Pro-Comfort Normal 16 pieces",0.55
"POLAND HEALTHCARE.xlsx",17,"O.B PRO-COMFORT SUPER  B/16",340,"OB Tampons - Pro-Comfort Super 16 pieces",0.54
"POLAND HEALTHCARE.xlsx",18,"O.B PRO-COMFORT SUPER PLUS B/16",337,"OB Tampons - Pro-Comfort Super Plus 16 pieces",0.58
"POLAND HEALTHCARE.xlsx",59,"GILLETTE BLUE II PLUS MEN DISPOSABLE RAZORS *5",524,"GILLETTE II WOMEN DISPOSABLE RAZORS 5+2",0.65
"POLAND HEALTHCARE.xlsx",52,"ORAL-B 3D WHITE LUXE PERFECTION LOT 275ML",802,"ORAL-B 3D WHITE LUXE PERFECTION MOUTHWASH 250ML",0.62
"POLAND HEALTHCARE.xlsx",53,"ORAL-B 3D WHITE CHARCOAL TOOTHPASTE  75ML",765,"ORAL-B 3D WHITE CHARCOAL TOOTHPASTE",0.87
"PAMPERS UK MUGISHA.xlsx",6,"PAMPERS BABY DRY NAPPY SIZE 3 JUMBO PACK 98",285,"PAMPERS BABY DRY NAPPY SIZE 5 JUMBO PACK 72",0.79
"PAMPERS UK MUGISHA.xlsx",7,"PAMPERS BABY DRY NAPPY SIZE 4 JUMBO PACK 84",285,"PAMPERS BABY DRY NAPPY SIZE 5 JUMBO PACK 72",0.79
"PAMPERS UK MUGISHA.xlsx",9,"PAMPERS BABY DRY NAPPY SIZE 6 JUMBO PACK 62",285,"PAMPERS BABY DRY NAPPY SIZE 5 JUMBO PACK 72",0.80
"PAMPERS UK MUGISHA.xlsx",10,"PAMPERS BABY DRY NAPPY SIZE 7 BIG PACK 50",285,"PAMPERS BABY DRY NAPPY SIZE 5 JUMBO PACK 72",0.69
"UK COSMO-HEALTH.xlsx",37,"MEDERMA STRECH MARKS THERAPY 150G",475,"MEDERMA STRETCH MARKS THERAPY 150G",0.86
"UK COSMO-HEALTH.xlsx",40,"SEBAMED MISTURIZING LOTION 750ML",480,"SEBAMED MOISTURIZING LOTION 750ML",0.86
"UK COSMO-HEALTH.xlsx",16,"SENSODYNE GENTLE WHITENING  75ML",701,"Sensodyne 75ml gentle whitening toothpaste",0.74
"UK COSMO-HEALTH.xlsx",17,"SENSODYNE REPAIR&PROTECT",725,"SENSODYNE REPAIR & PROTECT TOOTH PASTE",0.69
"UK COSMO-HEALTH.xlsx",19,"SENSODYNE SENSITIVITY & GUM 750ML",768,"SENSODYNE SENSITIVITY & GUM 75ML",0.83
"UK COSMO-HEALTH.xlsx",22,"PARODONTAX ORIGINAL 75ML",748,"PARODONTAX  GUM-SENSITIVITY 75ML",0.39
"UK COSMO-HEALTH.xlsx",23,"PARODONTAX WHITENING 75ML",726,"PARADONTAX WHITENING TOOTH PASTE",0.46
"UK COSMO-HEALTH.xlsx",26,"PARODONTAX  GENCIVES &SENSITIVITY + HALEIN 75ML",748,"PARODONTAX  GUM-SENSITIVITY 75ML",0.62
"UK COSMO-HEALTH.xlsx",30,"CANDEREL POCKET PACK 100'",682,"CANDEREL REFILL PACK 5*100",0.55
"UK COSMO-HEALTH.xlsx",31,"CANDEREL BIG PACK 300'",682,"CANDEREL REFILL PACK 5*100",0.44
"UK COSMO-HEALTH.xlsx",33,"CANDEREL DELIGHTFUL  TASTE 75G BOTTLE",683,"CANDEREL DELIGHTFUL SWEET TASTE 75G BOTTLE",0.86
"UK COSMO-HEALTH.xlsx",34,"SWEETEX CALORIE FREE SWEETNER 700 TABS",678,"SWEETEX CALORIE FREE SWEETNER 1200 TABLETS",0.67
"UK COSMO-HEALTH.xlsx",21,"SENSODYNE SENS & GUM TRAVEL SIZE 1ML",773,"SENSODYNE SENSITIVITY & GUM TRAVEL SIZE 15ML",0.66
"PALINA POLANDA.xlsx",19,"NAN OPTIPRO 800G N01",1,"NAN OPTIPRO N1 800G",0.77
"PALINA POLANDA.xlsx",20,"NAN OPTIPRO 800G N02",1,"NAN OPTIPRO N1 800G",0.77
"PALINA POLANDA.xlsx",21,"NAN OPTIPRO 800G N03",1,"NAN OPTIPRO N1 800G",0.77
"PALINA POLANDA.xlsx",44,"NUTRILON LAIT DE SUITE 800G NO2  6-12 M",4,"NUTRILON N0 1 800G",0.37
"PALINA POLANDA.xlsx",46,"NUTRILON LAIT DE CROISSANCE 800G NO2+, 2Y+",5,"NUTRILON N0 2 800G",0.36
"PALINA POLANDA.xlsx",47,"NUTRILON LAIT DE CROISSANCE 800G NO3+, 3Y+",8,"NUTRILON  N0  3+ 800G",0.36
"PALINA POLANDA.xlsx",49,"O.B.ORIGINAL NORMAL B/16",335,"OB Tampons - Original Normal 16 pieces",0.47
"PALINA POLANDA.xlsx",50,"O.B.ORIGINAL SUPER B/16",338,"OB Tampons - Original Super 16 pieces",0.47
"PALINA POLANDA.xlsx",51,"O.B ORGINAL SUPER PLUS B/16",336,"OB Tampons - Original Super Plus 16 pieces",0.45
"PALINA POLANDA.xlsx",64,"TAMPAX COMPAK SUPER PLUS 22 PCS",374,"TAMPAX SUPER PLUS TAMPONS 22'S",0.60
"PALINA POLANDA.xlsx",54,"O.B PRO-COMFORT SUPER PLUS B/16",337,"OB Tampons - Pro-Comfort Super Plus 16 pieces",0.58
"PALINA POLANDA.xlsx",52,"O.B PRO-COMFORT NORMAL  B/16",339,"OB Tampons - Pro-Comfort Normal 16 pieces",0.55
"PALINA POLANDA.xlsx",53,"O.B PRO-COMFORT SUPER  B/16",340,"OB Tampons - Pro-Comfort Super 16 pieces",0.54
"PALINA POLANDA.xlsx",56,"LISTERINE COOL MINT 250ML",779,"listerine coolmint 250ml",0.82
"PALINA POLANDA.xlsx",57,"LISTERINE TOTAL CARE ZERO 250ML",783,"listerine total care 250ml",0.84
"PALINA POLANDA.xlsx",59,"LISTERINE COOL MINT 500ML",781,"listerine coolmint 500ml",0.82
"PALINA POLANDA.xlsx",60,"LISTERINE TOTAL CARE ZERO 250ML",783,"listerine total care 250ml",0.84
"PALINA POLANDA.xlsx",72,"ORAL-B 3 DWHITE PERFECTION 75ML",710,"ORAL-B 3D WHITE PERFECTION TOOTHPSTE 75ML",0.62
"PALINA POLANDA.xlsx",73,"ORAL-B 3 DWHITE LUXE CHARCOAL TOOTHPASTE 75ML",765,"ORAL-B 3D WHITE CHARCOAL TOOTHPASTE",0.63
"PALINA POLANDA.xlsx",74,"ORAL-B SENSITIVITY&GUM CALM TOOTHPASTE 75ML",711,"ORAL-B 3D WHITE SENSIBILITY & GUM TOOTHPSTE 75ML",0.53
"PALINA POLANDA.xlsx",78,"PARODONTAX ORIGINAL 75ML",748,"PARODONTAX  GUM-SENSITIVITY 75ML",0.39
"PALINA POLANDA.xlsx",79,"PARODONTAX WHITENING 75ML",726,"PARADONTAX WHITENING TOOTH PASTE",0.46
"PALINA POLANDA.xlsx",88,"SENSODYNE GENTLE WHITENING  75ML",701,"Sensodyne 75ml gentle whitening toothpaste",0.74
"PALINA POLANDA.xlsx",89,"SENSODYNE REPAIR&PROTECT",725,"SENSODYNE REPAIR & PROTECT TOOTH PASTE",0.69
"PALINA POLANDA.xlsx",91,"SENSODYNE SENSITIVITY&GUM 750ML",768,"SENSODYNE SENSITIVITY & GUM 75ML",0.83
"PALINA POLANDA.xlsx",93,"CANDEREL POCKET PACK B/100",682,"CANDEREL REFILL PACK 5*100",0.51
"PALINA POLANDA.xlsx",94,"CANDEREL POCKET PACK B/300",676,"CANDEREL TABLET 300 PCS",0.43
"PALINA POLANDA.xlsx",95,"CANDEREL TABLE SWETNER 75G",676,"CANDEREL TABLET 300 PCS",0.38
"PALINA POLANDA.xlsx",98,"LINSOFT PAPIER MOUCHOIR CLASSIC 15*10*4",656,"LINSOFT PAPIER MOUCHOIR CLASSIC 15X10X4",0.76
"PALINA POLANDA.xlsx",63,"TAMPAX COMPAK SUPER  20 PCS",342,"tampax super 20's",0.59
"PALINA POLANDA.xlsx",62,"TAMPAX COMPAK REGULAR  24 PCS",341,"tampax regular 20's",0.50
"PALINA POLANDA.xlsx",99,"Labello original Classic Care balsam do ust 4.8g",419,"LABELLO ORIGINAL 24H 4.8G",0.42
"PALINA POLANDA.xlsx",100,"Labello Medi repair  balsam do ust 4.8g spf 15",473,"LABELLO MEDI REPAIR LIP BALM 4.8G SPF 15",0.69
"PALINA POLANDA.xlsx",102,"Labello Sun Protect SPF 30balsam do ust 4.8g",421,"LABELLO 24H MELT-IN SUN PROTECTOR SPF 30",0.40
"PALINA POLANDA.xlsx",103,"Labello strawberry Shine balsam do ust 4.8g",449,"LABELLO STRAWBERRY SHINE 24H",0.51
"PALINA POLANDA.xlsx",104,"Labello Soft Rosé balsam do ust 4.8g",406,"Labello Lipcare - Soft Rosé 4.8 gr",0.44
"PALINA POLANDA.xlsx",29,"Gerber Miśkopty Herbatniczki dla niemowląt i małych dzieci 180g",57,"GERBER MISKOPTY HERBATNICZKI DLA NIEMOWLAT I MALYCH DZIECI 180G",0.74
"PALINA POLANDA.xlsx",30,"Kaszka mleczna owsiano-pszenna Jabłko, Marchewka 200g",54,"KASZKA MLECZNA OWSIANO-PSZENNA JABLKO MARCHEWKA 200G",0.89
"PALINA POLANDA.xlsx",31,"Gerber Pełnia Zbóż Kaszka manna z mlekiem 200g",53,"GERBER PELNIA ZBOZ KASZKA MANNA Z MLEKIEM 200G",0.76
"PALINA POLANDA.xlsx",32,"Gerber Pełnia Zbóż Kaszka owsiano-pszenna ze śliwką 200g",56,"GERBER PELNIA ZBOZ KASZKA OWSIANO-PSZENNA ZE SLIWKA 200G",0.68
"PALINA POLANDA.xlsx",23,"NAN OPTIPRO® Plus 1 HMO 800g",1,"NAN OPTIPRO N1 800G",0.57
"PALINA POLANDA.xlsx",24,"NAN OPTIPRO® Plus 2 HMO 800g",1,"NAN OPTIPRO N1 800G",0.57
"PALINA POLANDA.xlsx",25,"NAN OPTIPRO® Plus 3 HMO 800g",1,"NAN OPTIPRO N1 800G",0.57
"PALINA POLANDA.xlsx",34,"Nestlé Kaszka mleczno-ryżowa Malina 230g",55,"NESTLE KASZKA MLECZNO-RYZOWA MALINA 230G",0.78
"PALINA POLANDA.xlsx",36,"Nestlé Kaszka mleczno-ryżowa Jabłko Wiśnia 230g",58,"NESTLE KASZKA MLECZNO-RYZOWA JABLKO WISNIA 230G",0.63
"PALINA POLANDA.xlsx",35,"Nestlé Kaszka mleczno-ryżowa Jabłko Banan Gruszka 230g",60,"NESTLE KASZKA MLECZNO-RYZOWA JABLKO BANAN GRUSZKA 230G",0.73
"PALINA POLANDA.xlsx",37,"Nestlé Kaszka mleczno-ryżowa 5 owoców 230g",59,"NESTLE KASZKA MLECZNO-RYZOWA 5 OWOCOW 230G",0.69
"PALINA POLANDA.xlsx",33,"Nestlé Sinlac 500g",52,"NESTLE SINLAC 500G",0.81
"PALINA POLANDA.xlsx",69,"Vicks VapoRub, ointment, 50 g",976,"VICKS VAPORUB 50G",0.52
"PALINA POLANDA.xlsx",84,"SENSODYNE SOFT TOOTHBRUSH",716,"SENSODYNE SOFT TOOTHBRUSH B/4",0.86
"PALINA POLANDA.xlsx",83,"PARODONTAX TOOTHBRUSH EXTRA-SOFT",862,"PARODONTAX EXPERT CLEAN EXTRA SOFT TOOTHBRUSH 3 PIECES",0.63
"PALINA POLANDA.xlsx",105,"ELMEX SENSITIVITY MOUTH WASH POCKET SIZE 100ML",800,"ELMEX SENSITIVE MOUTH WASH 100ML",0.65
"PALINA POLANDA.xlsx",106,"ELMEX CARIE MOUTH WASH POCKET SIZE 100ML",801,"ELMEX ANTI-CARRIES MOUTH WASH 100ML",0.54
"PALINA POLANDA.xlsx",108,"ELMEX JUNIOR CARIE PROTECTION 50ML 6-12 YRS",115,"ELMEX BABY CARIE PROTECTION 50ML 0-6 YRS",0.67
"CHICCO BABY BOTTLES.xlsx",49,"NATURAL FEELING COLORED BOTTLE 330ML PINK FAST FLOW 6M+",140,"CHICCO NATURAL FEELING BIBERON 330ML",0.36
"CHICCO BABY BOTTLES.xlsx",36,"NATURAL FEELING BOTTLE 150ML PINK-REGULAR FLOW 0M+",142,"CHICCO NATURAL FEELING BIBERON 150ML",0.37
"CHICCO BABY BOTTLES.xlsx",37,"NATURAL FEELING BOTTLE 150ML BLUE-REGULAR FLOW 0M+",142,"CHICCO NATURAL FEELING BIBERON 150ML",0.37
"CHICCO BABY BOTTLES.xlsx",57,"CLEANSING BREAST WIPES 80PCS",330,"CHICCO CLEANSING BREAST WIPES 80PCS",0.83
"CHICCO BABY BOTTLES.xlsx",48,"NATURAL FEELING COLORED BOTTLE 330ML BLUE FAST FLOW 6M+",140,"CHICCO NATURAL FEELING BIBERON 330ML",0.37
"CHICCO BABY BOTTLES.xlsx",42,"NATIRAL FEELING BOTTLE 250ML BLUE-MEDIUM FLOW 2M+",190,"CHICCO WELL BEING FEEDING BOTTLE 250ML MEDIUM FLOW 2M+",0.49
"CHICCO BABY BOTTLES.xlsx",44,"WELL BEING FEEDING BOTTLE 250ML GREEN FAST FLOW 4M+",186,"CHICCO WELL BEING FEEDING BOTTLE 250ML FAST FLOW 4M+",0.75
"CHICCO BABY BOTTLES.xlsx",43,"WELL BEING CHICCO 2 BOTTLES 250ML  GREEN+BLUE 2M+",187,"CHICCO WELL BEING FEEDING BOTTLE 2-PACK 250ML 2M+",0.57
"CHICCO BABY BOTTLES.xlsx",47,"WELL BEING FEEDING COMBO 330 ML BOTTLE + FAST FLOW 4M+ TEAT",188,"CHICCO WELL BEING FEEDING COMBO 330ML BOTTLE + FAST FLOW 4M+ TEAT",0.82
"CHICCO BABY BOTTLES.xlsx",39,"WELL BEING FEEDING BOTTLE 150ML BIPACK-PINK GREEN 0M+",189,"CHICCO WELL BEING FEEDING BOTTLE 150ML BIPACK 0M+",0.68
"CHICCO BABY BOTTLES.xlsx",88,"MILK TEETH TOOTHBRUSH 3-6 YEARS BLUE",105,"MILK TEETH TOOTHBRUSH 3-6 YEARS",0.86
"CHICCO BABY BOTTLES.xlsx",24,"MANUAL BREAST PUMP 0M+",1134,"MANUAL BREAST PUMP",0.86
"CHICCO BABY BOTTLES.xlsx",41,"WELL BEING FEEDING BOTTLE 250ML PINK MEDIUM FLOW 2M+",190,"CHICCO WELL BEING FEEDING BOTTLE 250ML MEDIUM FLOW 2M+",0.77
"CHICCO BABY BOTTLES.xlsx",50,"TEAT WELL BEING SILICONE REGULAR FLOW 0M+",198,"CHICCO TEAT WELL BEING MEDIUM FLOW 0M+",0.44
"CHICCO BABY BOTTLES.xlsx",51,"TEAT WELL BEING SILICONE MEDIUM FLOW 2M+",198,"CHICCO TEAT WELL BEING MEDIUM FLOW 0M+",0.56
"CHICCO BABY BOTTLES.xlsx",40,"WELL BEING FEEDING BOTTLE 250ML BLUE MEDIUM FLOW 2M+",190,"CHICCO WELL BEING FEEDING BOTTLE 250ML MEDIUM FLOW 2M+",0.79
"CHICCO BABY BOTTLES.xlsx",65,"CHICCO WARMY PLATE NEUTRAL MULTICOLOR PLASTIC GREEN",192,"CHICCO WARMY PLATE NEUTRAL MULTICOLOR PLASTIC",0.88
"CHICCO BABY BOTTLES.xlsx",71,"CUP TRANSITION 4M+ (PINK, YELLOW,RIGHT BLUE)",193,"CUP TRANSITION 4M+",0.44
"CHICCO BABY BOTTLES.xlsx",72,"CUP TRAINING 6M+ GREEN",194,"CUP TRAINING 6M+",0.73
"CHICCO BABY BOTTLES.xlsx",73,"EASY CUP 12M+ BLUE",195,"EASY CUP 12M+",0.72
"CHICCO BABY BOTTLES.xlsx",74,"CUP ADVANCED 12M+ (PINK,RIGHT BLUE)",196,"CUP ADVANCED 12M+",0.52
"CHICCO BABY BOTTLES.xlsx",58,"CHICCO BREAST PADS 60PCS",321,"CHICCO BREAST PADS B/60",0.78
"CHICCO BABY BOTTLES.xlsx",22,"TOTAL BODY PREGNANCY POLLOW",332,"TOTAL BODY PREGNANCY PILLOW",0.80
"CHICCO BABY BOTTLES.xlsx",33,"CHICCO STARTER SET 0M+ PINK",143,"CHICCO BABY STARTING LARGE SET",0.37
"CHICCO BABY BOTTLES.xlsx",32,"CHICCO STARTER SET 0M+",143,"CHICCO BABY STARTING LARGE SET",0.42
"CHICCO BABY BOTTLES.xlsx",25,"ELECTRIC BREAST PUMP 0M+",314,"BAODA ELECTRIC BREAST PUMP",0.72
"CHICCO BABY BOTTLES.xlsx",38,"WELL BEING FEEDING BOTTLE 150ML  PINK 0M+",189,"CHICCO WELL BEING FEEDING BOTTLE 150ML BIPACK 0M+",0.64
"CHICCO BABY BOTTLES.xlsx",53,"NATURALFEELING TEAT 6 M+ FAST FLOW",220,"LANSINOH NATURAL WAVE TEAT FAST FLOW 2PK",0.40
"CHICCO BABY BOTTLES.xlsx",52,"TEAT WELL BEING SILICONE MEDIUM FLOW 0M+",198,"CHICCO TEAT WELL BEING MEDIUM FLOW 0M+",0.66
"CHICCO BABY BOTTLES.xlsx",55,"CHICCO WELL BEING TEATH",198,"CHICCO TEAT WELL BEING MEDIUM FLOW 0M+",0.55
"CHICCO BABY BOTTLES.xlsx",54,"CHICCO PHYSIO TEATH 0M+",149,"CHICCO TEAT 0M+",0.58
"CHICCO BABY BOTTLES.xlsx",67,"CHICCO SYSTEM EASY MEAL GREEN 6M+",199,"CHICCO SYSTEM EASY MEAL 6M+",0.82
"CHICCO BABY BOTTLES.xlsx",66,"CHICCO EASY BOWL PINK 6M+",200,"CHICCO EASY BOWL 6M+",0.80
"CHICCO BABY BOTTLES.xlsx",68,"SOFT SILICONE SPOON 6M+ BLUE",185,"SOFT SILICONE SPOON 6M+",0.81
"CHICCO BABY BOTTLES.xlsx",69,"SOFT SILICONE SPOON 6M+ PINK",185,"SOFT SILICONE SPOON 6M+",0.81
"CHICCO BABY BOTTLES.xlsx",75,"360 0 PERFECT CUP 12M+",201,"360 PERFECT CUP 12M+",0.91
"CHICCO BABY BOTTLES.xlsx",81,"NAIL CARE SET HAPPY HANDS 0M+ BLUE",300,"NAIL CARE SET HAPPY HANDS 0M+",0.84
"CHICCO BABY BOTTLES.xlsx",80,"NAIL CARE SET HAPPY HANDS 0M+ PINK",300,"NAIL CARE SET HAPPY HANDS 0M+",0.84
"CHICCO BABY BOTTLES.xlsx",87,"MILK TEETH TOOTHBRUSH 6M-3YEARS GREEN",107,"MILK TEETH TOOTHBRUSH 6M-3YEARS",0.84
"ORAL-B-NEW.xlsx",20,"ORAL-B ELECTRIC TOOTHBRUSHE THE I O™ SERIES BLACK",761,"ORAL-B ELECTRIC TOOTHBRUSH THE IO SERIES BLACK",0.88
"ORAL-B-NEW.xlsx",28,"ORAL-B 3D WHITE LUXE PROTECTION TOOTH PASTE",762,"ORAL-B 3D WHITE LUXE PROTECTION TOOTHPASTE",0.91
"ORAL-B-NEW.xlsx",29,"ORAL-B 3D WHITE LUXE VITALIZE&BRULLIANCE TOOTH PASTE",763,"ORAL-B 3D WHITE LUXE VITALIZE&BRILLIANCE TOOTHPASTE",0.80
"ORAL-B-NEW.xlsx",21,"ORAL-B PRO-EXPERT PREMIUM DENTAL FLOSS",835,"ORAL-B PRO-EXPERT PREMIUM FLOSS",0.83
"ORAL-B-NEW.xlsx",25,"ORAL-B PRO 3D WHITE LUXE GLAMOROUS RINCE SHINE MOUTHWASH 250ML",804,"ORAL-B PRO 3D WHITE LUXE GLAMOROUS RINSE SHINE MOUTHWASH 250ML",0.91
"ORAL-B-NEW.xlsx",27,"ORAL-B PRO 3D WHITE BRILLANCE MEDIUM MANUAL TOOTH BRUSH",858,"ORAL-B PRO 3D WHITE BRILLANCE MEDIUM MANUAL TOOTHBRUSH",0.94
"ORAL-B-NEW.xlsx",32,"ORAL-B BABY 0-2 YEARS WINNIE THE TOOTHPASTE",108,"ORAL-B BABY 0-2 YEARS WINNIE THE POOH TOOTHPASTE",0.89
"ORAL-B-NEW.xlsx",36,"ORAL-B ALL ROUND CLEAN BLACK 3PCK",854,"ORAL B TOOTH BRUSH B/3 ALL ROUND",0.41
"ORAL-B-NEW.xlsx",37,"ORAL-B COMPLETE 5 WAY CLEAN MEDIUM TOOTHBRUSH",825,"oral b complete clean toothbrush medium",0.87
"ORAL-B-NEW.xlsx",38,"ORAL-B ELECTRIC BATTERY POWERED  POWERED STAR WARS TOOTHBRUSH",112,"ORAL-B ELECTRIC BATTERY POWERED STAR WARS TOOTHBRUSH",1.00
"ORAL-B-NEW.xlsx",39,"ORAL-B ALL ROUND EXTRA SOFT CRISS SOFT TOOTHBRUSH 3PCK",860,"ORAL-B ALL ROUND EXTRA SOFT CRISS CROSS TOOTHBRUSH 3PCK",0.94
"ORAL-B-NEW.xlsx",41,"ORAL -B KIDS 3+",95,"ORAL-B KIDS REPLACEMENT",0.46
"FOLIGAIN ALIZONA USA (3).xlsx",18,"FOLIGAIN® TRIOXIDIL;Triple Action Complete Formula For Thinning Hair For MEN with 10% Trioxidil®",389,"FOLIGAIN TRIOXIDIL 10% MEN",0.37
"FOLIGAIN ALIZONA USA (3).xlsx",21,"FOLIGAIN® Stimulating Supplement For Thinning Hair 60 Caplets",390,"FOLIGAIN STIMULATING SUPLEMENTS B/60",0.54
"FOLIGAIN ALIZONA USA (3).xlsx",23,"FOLIGAIN® TRIOXIDIL;Triple Action Complete Formula For Thinning Hair For WOMEN with 10% Trioxidil®",388,"FOLIGAIN TRIOXIDIL 10% WOMEN",0.39
"COSMETIQUE FRANCE (1).xlsx",23,"TOPICREM ULTRA HYDRATANT 500ML",415,"TOPICREAM ULTRA HYDRATA 500ML",0.74
"COSMETIQUE FRANCE (1).xlsx",68,"ROGE CAVAILLES GEL INTIME SECHERESSE 250ML LOT 3",430,"ROGE CAVAILLES GEL INTIME SECHERESSE 250ML LOT 2",0.94
"COSMETIQUE FRANCE (1).xlsx",53,"LABELLO ORIGINAL CARE 24H",419,"LABELLO ORIGINAL 24H 4.8G",0.68
"COSMETIQUE FRANCE (1).xlsx",55,"LABELLO SUN PROTECTION SPF 30",421,"LABELLO 24H MELT-IN SUN PROTECTOR SPF 30",0.57
"COSMETIQUE FRANCE (1).xlsx",57,"LABELLO WATER MELON SHINE 24H",407,"Labello Lipcare - Watermelon Shine 4.8 gr.",0.50
"COSMETIQUE FRANCE (1).xlsx",58,"LABELLO CHERRY MELON SHINE 24H",449,"LABELLO STRAWBERRY SHINE 24H",0.55
"COSMETIQUE FRANCE (1).xlsx",31,"RIPIKAR LA ROCHE POSSAY-HUILE LAVANTE AP+ 750ML",461,"LIPIKAR LA ROCHE POSSAY-HUILE LAVANTE AP+ 750ML",0.91
"COSMETIQUE FRANCE (1).xlsx",32,"RIPIKAR LA ROCHE POSSAY LAIT CORP 400ML",462,"LIPIKAR LA ROCHE POSSAY LAIT CORP 400ML",0.90
"glasses.xlsx",11,"PC LENS(CLEAR)",990,"PC LENS(CLEAR) #PC 20 -G0 (17-23% TINT)",0.47
"glasses.xlsx",12,"PC LENS(LIGHT YELLOW)",991,"PC LENS(LIGHT YELLOW) #PC 40 (37%-43% TINT)",0.61
"glasses.xlsx",13,"PC LENSES (ORANGE)",992,"PC LENSES (ORANGE) #PC90 (87%-93% TINT)",0.55
"glasses.xlsx",14,"PC LENSES(RED)",993,"PC LENSES(RED) #PC100 (96%-100% TINT)",0.50
"glasses.xlsx",15,"NYLON LENSES(CLEAR)",994,"NYLON LENSES(CLEAR) #CTR30-BB (27%-33% TINT)",0.50
"glasses.xlsx",16,"NYLON LENSES(LIGHT YELLOW)",995,"NYLON LENSES(LIGHT YELLOW) #CTR45-BB (42%-48% TINT)",0.57
"glasses.xlsx",17,"NYLON LENSES(TEA)",996,"NYLON LENSES(TEA) #CTR50-BB (47%-53% TINT)",0.47
"glasses.xlsx",18,"NYLON LENSES(RED)",997,"NYLON LENSES(RED) #CTR100 (96%-100% TINT)",0.50
"glasses.xlsx",19,"CR 39 LENSES(CLEAR)",998,"CR 39 LENSES(CLEAR) #CR20-BG (18%-23% TINT)",0.51
"glasses.xlsx",20,"CR 39 LENSES(LIGHT YELLOW)",1002,"CR 39 LENSES(LIGHT YELLOW) CR35-B0 (32%-38% TINT)",0.63
"glasses.xlsx",21,"CR 39 LENSES(YELLOW)",999,"CR 39 LENSES(YELLOW) #CR85-BG (82%-88% TINT)",0.56
"glasses.xlsx",23,"CR 39 LENSES(D-ORANGE)",1001,"CR 39 LENSES(D-ORANGE) #CR100-BG (99%-100% TINT)",0.56
"glasses.xlsx",22,"CR 39 LENSES(ORANGE)",1000,"CR 39 LENSES(ORANGE) #CR95-BB (92%-97% TINT)",0.56
"glasses.xlsx",25,"PC LENSES(CLEAR)",990,"PC LENS(CLEAR) #PC 20 -G0 (17-23% TINT)",0.39
"glasses.xlsx",26,"PC LENSES(LIGHT YELLOW)",991,"PC LENS(LIGHT YELLOW) #PC 40 (37%-43% TINT)",0.53
"glasses.xlsx",27,"PC LENSES(ORANGE)",992,"PC LENSES (ORANGE) #PC90 (87%-93% TINT)",0.55
"glasses.xlsx",28,"PC LENSES(RED)",993,"PC LENSES(RED) #PC100 (96%-100% TINT)",0.50
"glasses.xlsx",29,"NYLON LENSES(CLEAR)",994,"NYLON LENSES(CLEAR) #CTR30-BB (27%-33% TINT)",0.50
"glasses.xlsx",30,"NYLON LENSES(LIGHT YELLOW)",995,"NYLON LENSES(LIGHT YELLOW) #CTR45-BB (42%-48% TINT)",0.57
"glasses.xlsx",31,"NYLON LENSES(TEA)",996,"NYLON LENSES(TEA) #CTR50-BB (47%-53% TINT)",0.47
"glasses.xlsx",32,"NYLON LENSES(RED)",997,"NYLON LENSES(RED) #CTR100 (96%-100% TINT)",0.50
"glasses.xlsx",33,"CR 39 LENSES(CLEAR)",998,"CR 39 LENSES(CLEAR) #CR20-BG (18%-23% TINT)",0.51
"glasses.xlsx",34,"CR 39 LENSES(LIGHT YELLOW)",1002,"CR 39 LENSES(LIGHT YELLOW) CR35-B0 (32%-38% TINT)",0.63
"glasses.xlsx",35,"CR39 LENSES(YELLOW)",999,"CR 39 LENSES(YELLOW) #CR85-BG (82%-88% TINT)",0.45
"glasses.xlsx",36,"CR39 LENSES(ORANGE)",1000,"CR 39 LENSES(ORANGE) #CR95-BB (92%-97% TINT)",0.45
"glasses.xlsx",37,"CR39 LENSES(D.ORANGE)",1001,"CR 39 LENSES(D-ORANGE) #CR100-BG (99%-100% TINT)",0.46
"glasses.xlsx",39,"PC LENSES(CLEAR)",990,"PC LENS(CLEAR) #PC 20 -G0 (17-23% TINT)",0.39
"glasses.xlsx",40,"PC LENSES(LIGHT YELLOW)",991,"PC LENS(LIGHT YELLOW) #PC 40 (37%-43% TINT)",0.53
"glasses.xlsx",41,"PC Lenses(ORANGE)",992,"PC LENSES (ORANGE) #PC90 (87%-93% TINT)",0.55
"glasses.xlsx",42,"PC Lenses(RED)",993,"PC LENSES(RED) #PC100 (96%-100% TINT)",0.50
"glasses.xlsx",43,"NYLON LENSES(CLEAR)",994,"NYLON LENSES(CLEAR) #CTR30-BB (27%-33% TINT)",0.50
"glasses.xlsx",44,"NYLON LENSES(LIGHT YELLOW)",995,"NYLON LENSES(LIGHT YELLOW) #CTR45-BB (42%-48% TINT)",0.57
"glasses.xlsx",46,"NYLON LENSES(RED)",997,"NYLON LENSES(RED) #CTR100 (96%-100% TINT)",0.50
"glasses.xlsx",45,"NYLON LENSES(TEA)",996,"NYLON LENSES(TEA) #CTR50-BB (47%-53% TINT)",0.47
"glasses.xlsx",47,"CR 39 Lenses(Clear)",998,"CR 39 LENSES(CLEAR) #CR20-BG (18%-23% TINT)",0.51
"glasses.xlsx",48,"'CR 39 Lenses(LIGHT YELLOW)",1002,"CR 39 LENSES(LIGHT YELLOW) CR35-B0 (32%-38% TINT)",0.63
"glasses.xlsx",49,"CR 39 Lenses(YELLOW)",999,"CR 39 LENSES(YELLOW) #CR85-BG (82%-88% TINT)",0.56
"glasses.xlsx",50,"CR 39 Lenses(0RANGE)",1000,"CR 39 LENSES(ORANGE) #CR95-BB (92%-97% TINT)",0.44
"glasses.xlsx",51,"CR 39 Lenses(D.0RANGE)",1001,"CR 39 LENSES(D-ORANGE) #CR100-BG (99%-100% TINT)",0.45
"glasses.xlsx",53,"PC LENSES(CLEAR)",990,"PC LENS(CLEAR) #PC 20 -G0 (17-23% TINT)",0.39
"glasses.xlsx",54,"PC LENSES(LIGHT YELLOW)",991,"PC LENS(LIGHT YELLOW) #PC 40 (37%-43% TINT)",0.53
"glasses.xlsx",55,"PC LENSES(ORANGE)",992,"PC LENSES (ORANGE) #PC90 (87%-93% TINT)",0.55
"glasses.xlsx",56,"PC LENSES(RED)",993,"PC LENSES(RED) #PC100 (96%-100% TINT)",0.50
"glasses.xlsx",57,"NYLON LENS(CLEAR)",994,"NYLON LENSES(CLEAR) #CTR30-BB (27%-33% TINT)",0.41
"glasses.xlsx",58,"NYLON LENS(Light Yellow)",995,"NYLON LENSES(LIGHT YELLOW) #CTR45-BB (42%-48% TINT)",0.49
"glasses.xlsx",59,"NYLON LENS(Tea)",996,"NYLON LENSES(TEA) #CTR50-BB (47%-53% TINT)",0.38
"glasses.xlsx",60,"NYLON LENS(Red)",997,"NYLON LENSES(RED) #CTR100 (96%-100% TINT)",0.40
"glasses.xlsx",61,"CR 39 Lenses(CLEAR)",998,"CR 39 LENSES(CLEAR) #CR20-BG (18%-23% TINT)",0.51
"glasses.xlsx",62,"CR 39 Lenses(Light Yellow)",1002,"CR 39 LENSES(LIGHT YELLOW) CR35-B0 (32%-38% TINT)",0.63
"glasses.xlsx",63,"CR 39 Lenses(Yellow)",999,"CR 39 LENSES(YELLOW) #CR85-BG (82%-88% TINT)",0.56
"glasses.xlsx",64,"CR 39 Lenses(Orange)",1000,"CR 39 LENSES(ORANGE) #CR95-BB (92%-97% TINT)",0.56
"glasses.xlsx",65,"CR 39 Lenses(D. Orange )",1001,"CR 39 LENSES(D-ORANGE) #CR100-BG (99%-100% TINT)",0.56