id,category,subcategory,name
184,"BABY RANGE","BABY BOTTLES & OTHER DINNING UTENSILS","AVENT NEWBORN GIFT SET"
150,"BABY RANGE","BABY BOTTLES & OTHER DINNING UTENSILS","BABE  GROW BABY BOTTLE 150 ML"
183,"BABY RANGE","BABY BOTTLES & OTHER DINNING UTENSILS","BABE BABY CUP"
180,"BABY RANGE","BABY BOTTLES & OTHER DINNING UTENSILS","BABE BIBERON 250 ML"
152,"BABY RANGE","BABY BOTTLES & OTHER DINNING UTENSILS","BABE PPU  BABY BOTTLE 330 ML"
151,"BABY RANGE","BABY BOTTLES & OTHER DINNING UTENSILS","BABE PPU BABY BOTTLE 240 ML"
174,"BABY RANGE","BABY BOTTLES & OTHER DINNING UTENSILS","BABE TEATINE"
179,"BABY RANGE","BABY BOTTLES & OTHER DINNING UTENSILS","BABY KING CEREAL FEEDER"
175,"BABY RANGE","BABY BOTTLES & OTHER DINNING UTENSILS","BUDDEES  WATER  FILLED TEETHER"
168,"BABY RANGE","BABY BOTTLES & OTHER DINNING UTENSILS","CHICCO TEAT 4M+"
147,"BABY RANGE","BABY BOTTLES & OTHER DINNING UTENSILS","CHICCO TEAT 4M+"
162,"BABY RANGE","BABY BOTTLES & OTHER DINNING UTENSILS","DR BROWN  TEAT 9M+"
159,"BABY RANGE","BABY BOTTLES & OTHER DINNING UTENSILS","DR BROWN TEAT OM+"
181,"BABY RANGE","BABY BOTTLES & OTHER DINNING UTENSILS","EZ GROW BABY BOTTLE 270 ML"
165,"BABY RANGE","BABY BOTTLES & OTHER DINNING UTENSILS","MAM TEAOT 4M+"
164,"BABY RANGE","BABY BOTTLES & OTHER DINNING UTENSILS","MAM TEAT 2M+"
163,"BABY RANGE","BABY BOTTLES & OTHER DINNING UTENSILS","MAM TEAT OM+"
156,"BABY RANGE","BABY BOTTLES & OTHER DINNING UTENSILS","NUBY BABY CUP 12-18M CUP  330ML"
155,"BABY RANGE","BABY BOTTLES & OTHER DINNING UTENSILS","NUBY BABY CUP 4-12M CUP  240ML"
157,"BABY RANGE","BABY BOTTLES & OTHER DINNING UTENSILS","NUBY BABY SPOON 4M  2PACK"
158,"BABY RANGE","BABY BOTTLES & OTHER DINNING UTENSILS","NUBY SUCTION BABY BOWLS 2PK"
178,"BABY RANGE","BABY BOTTLES & OTHER DINNING UTENSILS","ONLY BABY PACIFIER 0M+ GIRL"
126,"BABY RANGE","BABY BOTTLES & OTHER DINNING UTENSILS","PHILIPS AVENT ANTI-COLIC BOTTLE WITH AIRFREE, MILK RELEASE VALVE, 11OZ/330ML 1 PACK"
124,"BABY RANGE","BABY BOTTLES & OTHER DINNING UTENSILS","PHILIPS AVENT ANTI-COLIC BOTTLE WITH AIRFREE, MILK RELEASE VALVE, 4OZ/125ML 1 PACK"
125,"BABY RANGE","BABY BOTTLES & OTHER DINNING UTENSILS","PHILIPS AVENT ANTI-COLIC BOTTLE WITH AIRFREE, MILK RELEASE VALVE, 9OZ/260ML 1 PACK"
132,"BABY RANGE","BABY BOTTLES & OTHER DINNING UTENSILS","PHILIPS AVENT BREAST PADS, BOX OF 24 PIECES"
130,"BABY RANGE","BABY BOTTLES & OTHER DINNING UTENSILS","PHILIPS AVENT DOUBLE ELECTRIC BREAST PUMP 2 BOTTLES OF MILK"
127,"BABY RANGE","BABY BOTTLES & OTHER DINNING UTENSILS","PHILIPS AVENT DRINKING CUP WITH STRAW 200ML, (9M+)"
128,"BABY RANGE","BABY BOTTLES & OTHER DINNING UTENSILS","PHILIPS AVENT DRINKING CUP WITH STRAW 300ML, (12M+)"
129,"BABY RANGE","BABY BOTTLES & OTHER DINNING UTENSILS","PHILIPS AVENT MANUAL BREAST PUMP 1 BOTTLE OF MILK"
121,"BABY RANGE","BABY BOTTLES & OTHER DINNING UTENSILS","PHILIPS AVENT NATURAL DESIGN BABY MILK BOTTLE , 9 OZ/ 260ML 1BOTTLES PACK"
120,"BABY RANGE","BABY BOTTLES & OTHER DINNING UTENSILS","PHILIPS AVENT NATURAL DESIGN BABY MILK BOTTLE , 9 OZ/ 260ML 2 BOTTLES PACK"
118,"BABY RANGE","BABY BOTTLES & OTHER DINNING UTENSILS","PHILIPS AVENT PHILIPS AVENT  BABY BOTTLE 4OZ/ 125ML (SHRINK WRAP), 1PACK"
119,"BABY RANGE","BABY BOTTLES & OTHER DINNING UTENSILS","PHILIPS AVENT PHILIPS AVENT  BABY BOTTLE 4OZ/ 125ML (SHRINK WRAP), 2PACK"
123,"BABY RANGE","BABY BOTTLES & OTHER DINNING UTENSILS","PHILIPS AVENT SIMULATED NATURAL BABY BOTTLE 330ML/11 OZ, 1 MILK BOTTLE PACK"
122,"BABY RANGE","BABY BOTTLES & OTHER DINNING UTENSILS","PHILIPS AVENT SIMULATED NATURAL BABY BOTTLE 330ML/11 OZ, 2 MILK BOTTLE PACK"
136,"BABY RANGE","BABY BOTTLES & OTHER DINNING UTENSILS","PHILIPS AVENT SUCETTE 6-18M BOY PAIR"
135,"BABY RANGE","BABY BOTTLES & OTHER DINNING UTENSILS","PHILIPS AVENT SUCETTE 6-18M GIRL PAIR"
138,"BABY RANGE","BABY BOTTLES & OTHER DINNING UTENSILS","PHILIPS AVENT TEAT 0M+ PAIR"
139,"BABY RANGE","BABY BOTTLES & OTHER DINNING UTENSILS","PHILIPS AVENT TEAT 3M+ PAIR"
137,"BABY RANGE","BABY BOTTLES & OTHER DINNING UTENSILS","PHILIPS AVENT TEAT 6M+ PAIR"
177,"BABY RANGE","BABY BOTTLES & OTHER DINNING UTENSILS","TOMME BRUSH AND COMB SET"
154,"BABY RANGE","BABY BOTTLES & OTHER DINNING UTENSILS","TOMME TIPPEE HEAT SENSE SPOON  2 PACK"
166,"BABY RANGE","BABY BOTTLES & OTHER DINNING UTENSILS","TOMMEE TEAT 3 M+"
153,"BABY RANGE","BABY BOTTLES & OTHER DINNING UTENSILS","TOMMEE TIPPEE BIG KID SPOON & FORK PACK"
182,"BABY RANGE","BABY BOTTLES & OTHER DINNING UTENSILS","VITAL BABY BOWL"
172,"BABY RANGE","BABY BOTTLES & OTHER DINNING UTENSILS","VITAL BABY TEAT 3M+"
171,"BABY RANGE","BABY BOTTLES & OTHER DINNING UTENSILS","VITAL BABY TEAT 6 M+"
173,"BABY RANGE","BABY BOTTLES & OTHER DINNING UTENSILS","WISDOM POWER + HEADS"
291,"BABY RANGE","BABY COSMETICS & BABY SKINCARE PRODUCTS","CHICCO BABY BAR SOAP"
297,"BABY RANGE","BABY COSMETICS & BABY SKINCARE PRODUCTS","CHICCO BABY BRUSH"
286,"BABY RANGE","BABY COSMETICS & BABY SKINCARE PRODUCTS","CHICCO BABY SHAMPOO 500ML"
287,"BABY RANGE","BABY COSMETICS & BABY SKINCARE PRODUCTS","CHICCO BODY LOTION 500ML LIGHT 97%"
288,"BABY RANGE","BABY COSMETICS & BABY SKINCARE PRODUCTS","CHICCO BODY LOTION CREAM 500ML 82%"
289,"BABY RANGE","BABY COSMETICS & BABY SKINCARE PRODUCTS","CHICCO MASSAGE OIL 200ML"
290,"BABY RANGE","BABY COSMETICS & BABY SKINCARE PRODUCTS","CHICCO NAPY CREAM 100ML"
292,"BABY RANGE","BABY COSMETICS & BABY SKINCARE PRODUCTS","TOPICREAM BABY BAR SOAP"
293,"BABY RANGE","BABY COSMETICS & BABY SKINCARE PRODUCTS","TOPICREAM BABY MILK 500ML"
264,"BABY RANGE","BABY DIAPERING & ACCESSORIES PRODUCTS","PAMPERS N02  (3-8 KG) MINI PACK 40 PIECES"
269,"BABY RANGE","BABY DIAPERING & ACCESSORIES PRODUCTS","PAMPERS N02 (2-5KG)  102 PCs DOUBLE PCK"
265,"BABY RANGE","BABY DIAPERING & ACCESSORIES PRODUCTS","PAMPERS NO 3 SMALL  (6-10 KG) 30PIECES"
267,"BABY RANGE","BABY DIAPERING & ACCESSORIES PRODUCTS","PAMPERS NO 5 SMALL (11-16KG) 23 PIECE"
268,"BABY RANGE","BABY DIAPERING & ACCESSORIES PRODUCTS","PAMPERS NO 6 SMALL  (13-18KG) 19PIECE"
275,"BABY RANGE","BABY DIAPERING & ACCESSORIES PRODUCTS","PAMPERS NO 8 (17+KG) 52 PIECE"
266,"BABY RANGE","BABY DIAPERING & ACCESSORIES PRODUCTS","PAMPERS NO4 SMALL (9-14KG) 25 PIECE"
276,"BABY RANGE","BABY DIAPERING & ACCESSORIES PRODUCTS","PAMPERS WIPES 52 PIECES"
272,"BABY RANGE","BABY DIAPERING & ACCESSORIES PRODUCTS","PAMPESR N0 5 (11-16KG) 72 PIECES"
41,"BABY RANGE","BABY FOOD & CEREALS","APTAMIL BANANA&BERY CEREAL 7M+"
39,"BABY RANGE","BABY FOOD & CEREALS","APTAMIL CREAMED BANANA PORRIDGE 4-6"
40,"BABY RANGE","BABY FOOD & CEREALS","APTAMIL CREAMED PORRIDGE 4-6"
30,"BABY RANGE","BABY FOOD & CEREALS","COW&GATE  WHOLEGRAIN PORRIDGE 6M+"
29,"BABY RANGE","BABY FOOD & CEREALS","COW&GATE BANANA PORRIDGE 4-6 M"
28,"BABY RANGE","BABY FOOD & CEREALS","COW&GATE CREAM PORRIDGE 4-6 M"
31,"BABY RANGE","BABY FOOD & CEREALS","COW&GATE POT FRUIT (APPLE&APR&STRAW)"
34,"BABY RANGE","BABY FOOD & CEREALS","COW&GATE POTS  FRUITS  (APPLE,MANG, PF) 4-6M+"
32,"BABY RANGE","BABY FOOD & CEREALS","COW&GATE POTS  FRUITS  (FRUIT COCKTAIL) 4-6MOTHS"
33,"BABY RANGE","BABY FOOD & CEREALS","COW&GATE POTS FRUIT (APPLE,BAN, ORAN)"
38,"BABY RANGE","BABY FOOD & CEREALS","GERBER LIL'BISCUITS 250G"
35,"BABY RANGE","BABY FOOD & CEREALS","NUTRILON PRONUTRA  PORRIDGE WITH GOOD NIGHT FRUIT 225G, 6M+"
36,"BABY RANGE","BABY FOOD & CEREALS","NUTRILON PRONUTRA MULTIGRAIN PORRIDGE WITH FRUITS 225G, 6M+"
37,"BABY RANGE","BABY FOOD & CEREALS","NUTRILON PRONUTRA PORRIDGE 7 CEREALS WITH FRUITS 225G, 8M+"
12,"BABY RANGE","BABY MILK POWDER","APTAMIK FIRST MILK 0-6 MONTHS 800G"
13,"BABY RANGE","BABY MILK POWDER","APTAMIL FOLLOW-ON MILK 6-12 MONTHS 800G"
14,"BABY RANGE","BABY MILK POWDER","APTAMIL GROWING UP MILK 1YR+ 800G"
15,"BABY RANGE","BABY MILK POWDER","COW&GATE INFANT MILK N01 (0-6 MONTHS)"
16,"BABY RANGE","BABY MILK POWDER","COW&GATE INFANT MILK N02"
17,"BABY RANGE","BABY MILK POWDER","COW&GATE INFANT MILK N03"
9,"BABY RANGE","BABY MILK POWDER","NUTRILON AR 1 800G"
10,"BABY RANGE","BABY MILK POWDER","NUTRILON AR 2 800G"
11,"BABY RANGE","BABY MILK POWDER","NUTRILON CONFORT COLIC 800G"
6,"BABY RANGE","BABY MILK POWDER","NUTRILON N0 1+ 800G"
7,"BABY RANGE","BABY MILK POWDER","NUTRILON N0 2+ 800G"
79,"BABY RANGE","BABY ORAL-CARE & HEALTH-CARE PRODUCTS","AQUAFRESH  JUNIOR BIG TEETH  TOOTHPASTE 50ML"
78,"BABY RANGE","BABY ORAL-CARE & HEALTH-CARE PRODUCTS","AQUAFRESH  KIDS LTTLE TEETH TOOTHPASTE 50ML"
77,"BABY RANGE","BABY ORAL-CARE & HEALTH-CARE PRODUCTS","AQUAFRESH BABY MILK TEETH TOOTHPASTE 50ML"
84,"BABY RANGE","BABY ORAL-CARE & HEALTH-CARE PRODUCTS","BABE  GROW BABY BOTTLE 150 ML"
82,"BABY RANGE","BABY ORAL-CARE & HEALTH-CARE PRODUCTS","BABE ELECTRIC NASAL ASPIRATOR"
81,"BABY RANGE","BABY ORAL-CARE & HEALTH-CARE PRODUCTS","BABE MANUAL NASAL ASPIRATOR"
86,"BABY RANGE","BABY ORAL-CARE & HEALTH-CARE PRODUCTS","BABE PPU  BABY BOTTLE 330 ML"
85,"BABY RANGE","BABY ORAL-CARE & HEALTH-CARE PRODUCTS","BABE PPU BABY BOTTLE 240 ML"
76,"BABY RANGE","BABY ORAL-CARE & HEALTH-CARE PRODUCTS","BABY FINGER TOOTHBRUSH"
96,"BABY RANGE","BABY ORAL-CARE & HEALTH-CARE PRODUCTS","BABY NASAL ASPIRATOR"
88,"BABY RANGE","BABY ORAL-CARE & HEALTH-CARE PRODUCTS","CHICCO BATH THERMOMETER"
80,"BABY RANGE","BABY ORAL-CARE & HEALTH-CARE PRODUCTS","CHICCO BATH THERMOMETER"
73,"BABY RANGE","BABY ORAL-CARE & HEALTH-CARE PRODUCTS","CHICCO TOOTH PASTE 6-24M"
92,"BABY RANGE","BABY ORAL-CARE & HEALTH-CARE PRODUCTS","COLGETE BABY 0-2 YEARS TOOTHBRUSH ( SINGLE PACK/1)"
93,"BABY RANGE","BABY ORAL-CARE & HEALTH-CARE PRODUCTS","COLGETE KIDS 2-5 YEARS TOOTHBRUSH ( SINGLE PACK/1)"
83,"BABY RANGE","BABY ORAL-CARE & HEALTH-CARE PRODUCTS","DR BROWN  BOTTLE WASHING BRUSH"
87,"BABY RANGE","BABY ORAL-CARE & HEALTH-CARE PRODUCTS","DR BROWN BABY BOWL 3PCK WITH TENTIN DESIGN"
71,"BABY RANGE","BABY ORAL-CARE & HEALTH-CARE PRODUCTS","ELMEX TOOTH PASTE 2-6 Y"
94,"BABY RANGE","BABY ORAL-CARE & HEALTH-CARE PRODUCTS","FINGER TOOTHBRUSH"
91,"BABY RANGE","BABY ORAL-CARE & HEALTH-CARE PRODUCTS","ONLY BABY FRUIT AND VEGETABLE FEEDER"
67,"BABY RANGE","BABY ORAL-CARE & HEALTH-CARE PRODUCTS","ORAL B BABY TOOTH BRUSH 0-2Y+, (SINGLE PACK/ 1)"
70,"BABY RANGE","BABY ORAL-CARE & HEALTH-CARE PRODUCTS","ORAL B ELECTRIC BRUSH KID FROZEN"
69,"BABY RANGE","BABY ORAL-CARE & HEALTH-CARE PRODUCTS","ORAL B ELECTRIC BRUSH KID SPIDERMAN"
66,"BABY RANGE","BABY ORAL-CARE & HEALTH-CARE PRODUCTS","ORAL B KID TOOTH BRUSH 3Y+ (TRIPLE PACK /3)"
68,"BABY RANGE","BABY ORAL-CARE & HEALTH-CARE PRODUCTS","ORAL KIDS 3+ YEARS TOOTHBRUSH (SINLE PACK/1)"
95,"BABY RANGE","BABY ORAL-CARE & HEALTH-CARE PRODUCTS","ORAL-B KIDS REPLACEMENT"
97,"BABY RANGE","BABY ORAL-CARE & HEALTH-CARE PRODUCTS","ORAL-B SINGLE BRUSH KID"
90,"BABY RANGE","BABY ORAL-CARE & HEALTH-CARE PRODUCTS","QUTIC NASAL ASPIRATOR"
65,"BABY RANGE","BABY ORAL-CARE & HEALTH-CARE PRODUCTS","STEP B STEP 3-5 Y+ TOOTH BRUSH"
98,"BABY RANGE","BABY ORAL-CARE & HEALTH-CARE PRODUCTS","STEP BY STEP 0-3 TOOTH PASTE (DOMADE)"
61,"BABY RANGE","BABY ORAL-CARE & HEALTH-CARE PRODUCTS","STEP BY STEP 0-3 TOOTH PASTE 50ML"
99,"BABY RANGE","BABY ORAL-CARE & HEALTH-CARE PRODUCTS","STEP BY STEP 4Y+ TOOTH PASTE (DOMADE)"
62,"BABY RANGE","BABY ORAL-CARE & HEALTH-CARE PRODUCTS","STEP BY STEP 4Y+ TOOTH PASTE 50ML"
64,"BABY RANGE","BABY ORAL-CARE & HEALTH-CARE PRODUCTS","STEP BY STEP 6Y+ TOOTH BRUSH"
63,"BABY RANGE","BABY ORAL-CARE & HEALTH-CARE PRODUCTS","STEP BY STEP TOOTH BRUSH 0-2"
100,"BABY RANGE","BABY ORAL-CARE & HEALTH-CARE PRODUCTS","TARGET BABY COTTON SWABS B/55"
75,"BABY RANGE","BABY ORAL-CARE & HEALTH-CARE PRODUCTS","U- SHAPE BABY MOUTH BRUSH"
306,"BABY RANGE","NEW ARRIVALS","CONCORD SINGLE BRUSH (S,H,M) WITH FLOSS"
307,"BABY RANGE","NEW ARRIVALS","QUTIE NASAL ASPIRATOR"
670,"CHEMICALS & ESSENTIAL  OILS","CHEMICALS & ESSENTIAL  OILS","HUILE DE CARROTTE 250ML"
669,"CHEMICALS & ESSENTIAL  OILS","CHEMICALS & ESSENTIAL  OILS","HUILE DE MIEL 250ML"
673,"CHEMICALS & ESSENTIAL  OILS","CHEMICALS & ESSENTIAL  OILS","HUILE DE PALME 250ML"
672,"CHEMICALS & ESSENTIAL  OILS","CHEMICALS & ESSENTIAL  OILS","HUILE DE PEPPERMINT 250ML"
668,"CHEMICALS & ESSENTIAL  OILS","CHEMICALS & ESSENTIAL  OILS","HUILE DE VITAMIN E 250ML"
671,"CHEMICALS & ESSENTIAL  OILS","CHEMICALS & ESSENTIAL  OILS","HUILE DE YLAN-YLANG 250ML"
660,"CHEMICALS & ESSENTIAL  OILS","CHEMICALS & ESSENTIAL  OILS","HUILE ESSENTIAL D' AMANDE DOUCE 250ML"
659,"CHEMICALS & ESSENTIAL  OILS","CHEMICALS & ESSENTIAL  OILS","HUILE ESSENTIAL D' OLIVE 250ML"
665,"CHEMICALS & ESSENTIAL  OILS","CHEMICALS & ESSENTIAL  OILS","HUILE ESSENTIAL D'ARGAN 250ML"
667,"CHEMICALS & ESSENTIAL  OILS","CHEMICALS & ESSENTIAL  OILS","HUILE ESSENTIAL DE GINGER 250ML"
658,"CHEMICALS & ESSENTIAL  OILS","CHEMICALS & ESSENTIAL  OILS","HUILE ESSENTIAL DE NOI DE COCO 250ML"
661,"CHEMICALS & ESSENTIAL  OILS","CHEMICALS & ESSENTIAL  OILS","HUILE ESSENTIAL DE RACIN 250ML"
666,"CHEMICALS & ESSENTIAL  OILS","CHEMICALS & ESSENTIAL  OILS","HUILE ESSENTIAL DE RAISIN 250ML"
662,"CHEMICALS & ESSENTIAL  OILS","CHEMICALS & ESSENTIAL  OILS","HUILE ESSENTIAL DE SESAME 250ML"
664,"CHEMICALS & ESSENTIAL  OILS","CHEMICALS & ESSENTIAL  OILS","HUILE ESSENTIAL GARLIC 250ML"
657,"CHEMICALS & ESSENTIAL  OILS","CHEMICALS & ESSENTIAL  OILS","HUILE ESSENTIAL LAVENDER 250ML"
663,"CHEMICALS & ESSENTIAL  OILS","CHEMICALS & ESSENTIAL  OILS","HUILE ESSENTIAL MUTARD 250ML"
674,"CHEMICALS & ESSENTIAL  OILS","CHEMICALS & ESSENTIAL  OILS","YARI PALM ESSENTIAL OIL"
413,"COSMETICS & SKIN CARE RPDUCTS","FACE CARE","CHERRY COTTON PADS"
414,"COSMETICS & SKIN CARE RPDUCTS","FACE CARE","DETOL SKIN AND SURFACE WIPES"
416,"COSMETICS & SKIN CARE RPDUCTS","FACE CARE","TOPICREAM DA 500ML"
417,"COSMETICS & SKIN CARE RPDUCTS","FACE CARE","TOPICREAM MELA 500ML"
412,"COSMETICS & SKIN CARE RPDUCTS","FACE CARE","VASELINE LIP THERAPY ALOE"
410,"COSMETICS & SKIN CARE RPDUCTS","FACE CARE","VASELINE LIP THERAPY ORIGINAL"
411,"COSMETICS & SKIN CARE RPDUCTS","FACE CARE","VASELINE LIP THERAPY THERAPY ROSY"
405,"COSMETICS & SKIN CARE RPDUCTS","FACE CARE","carmex lip balm 7.5g classic pot"
404,"COSMETICS & SKIN CARE RPDUCTS","FACE CARE","carmex lip balm tube 10g cherry"
402,"COSMETICS & SKIN CARE RPDUCTS","FACE CARE","carmex lip balm tube 10g classic"
484,"COSMETICS & SKIN CARE RPDUCTS","FOOT & HAND CARE","DOVE HAND CREAM 75ML COCONUT & ALMOND RESTORING RITUAL"
487,"COSMETICS & SKIN CARE RPDUCTS","FOOT & HAND CARE","NEUTROGENA HAND CREAM 50ML"
386,"DIETS & NATURAL REMEDY & FOOD SUPPLEMENTS","DIETS & NATURAL REMEDY & FOOD SUPPLEMENTS","FOLIGAIN ROLLER"
391,"DIETS & NATURAL REMEDY & FOOD SUPPLEMENTS","DIETS & NATURAL REMEDY & FOOD SUPPLEMENTS","GREEN TEA FAT BURNER B/30"
392,"DIETS & NATURAL REMEDY & FOOD SUPPLEMENTS","DIETS & NATURAL REMEDY & FOOD SUPPLEMENTS","LIBIDO WOMEN B/75"
384,"FATHER CARE & GROOMING","FATHER CARE & GROOMING","BIC NORMAL RAZOR"
383,"FATHER CARE & GROOMING","FATHER CARE & GROOMING","BIC SENSITIVE RAZOR"
380,"FATHER CARE & GROOMING","FATHER CARE & GROOMING","BORD TRIPLE BLADE  RAZOR"
381,"FATHER CARE & GROOMING","FATHER CARE & GROOMING","CONCEIVE PLUS MEN'S FERTILITY SUPPORT"
382,"FATHER CARE & GROOMING","FATHER CARE & GROOMING","SMOOTH RAZOR BLADE WITH REPLACEMENT MEN"
379,"FATHER CARE & GROOMING","FATHER CARE & GROOMING","SMOOTH SHAVER TRIPPLE BLADE RAZOR"
679,"FOOD RANGE & DIETS & FOOD SUPPLEMENTS","CANDEREL REFILL PACK 5*100 TABLE SACHETS","ARM&HAMMER 100% NATURAL BACKING SODA 250G"
875,"HAIRCARE PRODUCTS & ACCESSORIES","HAIRCARE PRODUCTS & ACCESSORIES","YARI CREAMY HAIR LOTION"
874,"HAIRCARE PRODUCTS & ACCESSORIES","HAIRCARE PRODUCTS & ACCESSORIES","YARI NATURAL HAIR OIL"
649,"HOUSEHOLD & HOME NEEDS PRODUCTS","HOUSEHOLD & HOME NEEDS PRODUCTS","HOT WATER BAG"
650,"HOUSEHOLD & HOME NEEDS PRODUCTS","HOUSEHOLD & HOME NEEDS PRODUCTS","SMALL BAG"
616,"MEDICAL DEVICES & HOSPITAL NEEDS","DIABETIC SHOES","DIABETIC SANDALS OPEN BLACK MEN  N0 42"
617,"MEDICAL DEVICES & HOSPITAL NEEDS","DIABETIC SHOES","DIABETIC SANDALS OPEN BLACK MEN  N0 43"
618,"MEDICAL DEVICES & HOSPITAL NEEDS","DIABETIC SHOES","DIABETIC SANDALS OPEN BLACK MEN  N0 44"
625,"MEDICAL DEVICES & HOSPITAL NEEDS","DIABETIC SHOES","DIABETIC SANDALS OPEN BLACK WOMEN  N0 39"
626,"MEDICAL DEVICES & HOSPITAL NEEDS","DIABETIC SHOES","DIABETIC SANDALS OPEN BLACK WOMEN  N0 40"
619,"MEDICAL DEVICES & HOSPITAL NEEDS","DIABETIC SHOES","DIABETIC SHOES MEN BLACK ,CLOSE 42"
620,"MEDICAL DEVICES & HOSPITAL NEEDS","DIABETIC SHOES","DIABETIC SHOES MEN BLACK ,CLOSE 43"
621,"MEDICAL DEVICES & HOSPITAL NEEDS","DIABETIC SHOES","DIABETIC SHOES MEN BLACK ,CLOSE 44"
622,"MEDICAL DEVICES & HOSPITAL NEEDS","DIABETIC SHOES","DIABETIC SHOES MEN SOUPRESS CLOSE 42"
623,"MEDICAL DEVICES & HOSPITAL NEEDS","DIABETIC SHOES","DIABETIC SHOES MEN SOUPRESS CLOSE 43"
624,"MEDICAL DEVICES & HOSPITAL NEEDS","DIABETIC SHOES","DIABETIC SHOES MEN SOUPRESS CLOSE 44"
627,"MEDICAL DEVICES & HOSPITAL NEEDS","DIABETIC SHOES","DIABETIC SHOES WOMEN BLACK ,CLOSE 39"
628,"MEDICAL DEVICES & HOSPITAL NEEDS","DIABETIC SHOES","DIABETIC SHOES WOMEN BLACK ,CLOSE 40"
582,"MEDICAL DEVICES & HOSPITAL NEEDS","HOSPITAL BED IN BOX","Dr. SCHOLL'S HOSPITAL BED BLANKET PURE COTTON 180*220Cm"
583,"MEDICAL DEVICES & HOSPITAL NEEDS","HOSPITAL BED IN BOX","Dr. SCHOLL'S HOSPITAL BED COVER 180*220"
581,"MEDICAL DEVICES & HOSPITAL NEEDS","HOSPITAL BED IN BOX","Dr. SCHOLL'S HOSPITAL BED SHEET PAIR  160*210Cm"
579,"MEDICAL DEVICES & HOSPITAL NEEDS","HOSPITAL BED IN BOX","Dr. SCHOLL'S HOSPITAL MEMORY PILLOW"
580,"MEDICAL DEVICES & HOSPITAL NEEDS","HOSPITAL BED IN BOX","Dr. SCHOLL'S HOSPITAL PILLOW COVER"
597,"MEDICAL DEVICES & HOSPITAL NEEDS","MEDICAL (DOCTOR'S & NURSES) SHOES CLOG & BLOCK","BLOC OPEN GREEN 38"
598,"MEDICAL DEVICES & HOSPITAL NEEDS","MEDICAL (DOCTOR'S & NURSES) SHOES CLOG & BLOCK","BLOC OPEN GREEN 39"
599,"MEDICAL DEVICES & HOSPITAL NEEDS","MEDICAL (DOCTOR'S & NURSES) SHOES CLOG & BLOCK","BLOC OPEN NAVY BLUE 45"
601,"MEDICAL DEVICES & HOSPITAL NEEDS","MEDICAL (DOCTOR'S & NURSES) SHOES CLOG & BLOCK","BLOC OPEN WHITE 38"
600,"MEDICAL DEVICES & HOSPITAL NEEDS","MEDICAL (DOCTOR'S & NURSES) SHOES CLOG & BLOCK","BLOC OPEN WHITE 39"
603,"MEDICAL DEVICES & HOSPITAL NEEDS","MEDICAL (DOCTOR'S & NURSES) SHOES CLOG & BLOCK","BLOC OPEN WHITE 44"
602,"MEDICAL DEVICES & HOSPITAL NEEDS","MEDICAL (DOCTOR'S & NURSES) SHOES CLOG & BLOCK","BLOC OPEN WHITE 45"
613,"MEDICAL DEVICES & HOSPITAL NEEDS","MEDICAL (DOCTOR'S & NURSES) SHOES CLOG & BLOCK","CLOG 02 BLUE /WHITE EU 38/39"
614,"MEDICAL DEVICES & HOSPITAL NEEDS","MEDICAL (DOCTOR'S & NURSES) SHOES CLOG & BLOCK","CLOG 03 WHITE /NAVY BLUE EU 43/44"
615,"MEDICAL DEVICES & HOSPITAL NEEDS","MEDICAL (DOCTOR'S & NURSES) SHOES CLOG & BLOCK","CLOG 03 WHITE/ NAVY BLUE EU 39/40"
611,"MEDICAL DEVICES & HOSPITAL NEEDS","MEDICAL (DOCTOR'S & NURSES) SHOES CLOG & BLOCK","CLOG 06 WHITE/GREEN EU 38/39"
610,"MEDICAL DEVICES & HOSPITAL NEEDS","MEDICAL (DOCTOR'S & NURSES) SHOES CLOG & BLOCK","CLOG 06 WHITE/GREEN EU 39/40"
609,"MEDICAL DEVICES & HOSPITAL NEEDS","MEDICAL (DOCTOR'S & NURSES) SHOES CLOG & BLOCK","CLOG 06 WHITE/GREEN EU 43/44"
612,"MEDICAL DEVICES & HOSPITAL NEEDS","MEDICAL (DOCTOR'S & NURSES) SHOES CLOG & BLOCK","CLOG 06 WHITE/GREEN EU 45/46"
605,"MEDICAL DEVICES & HOSPITAL NEEDS","MEDICAL (DOCTOR'S & NURSES) SHOES CLOG & BLOCK","CLOG 10 WHITE/WHITE EU 38/39"
607,"MEDICAL DEVICES & HOSPITAL NEEDS","MEDICAL (DOCTOR'S & NURSES) SHOES CLOG & BLOCK","CLOG 10 WHITE/WHITE EU 39/40"
604,"MEDICAL DEVICES & HOSPITAL NEEDS","MEDICAL (DOCTOR'S & NURSES) SHOES CLOG & BLOCK","CLOG 10 WHITE/WHITE EU 41/42"
606,"MEDICAL DEVICES & HOSPITAL NEEDS","MEDICAL (DOCTOR'S & NURSES) SHOES CLOG & BLOCK","CLOG 10 WHITE/WHITE EU 43/44"
608,"MEDICAL DEVICES & HOSPITAL NEEDS","MEDICAL (DOCTOR'S & NURSES) SHOES CLOG & BLOCK","CLOG 10 WHITE/WHITE EU 45/46"
584,"MEDICAL DEVICES & HOSPITAL NEEDS","MEDICAL (DOCTOR'S & NURSES) SHOES CLOG & BLOCK","MEDICAL SHOES CLOSE BLUE PEN No 40 BLOC WITH STRAP"
585,"MEDICAL DEVICES & HOSPITAL NEEDS","MEDICAL (DOCTOR'S & NURSES) SHOES CLOG & BLOCK","MEDICAL SHOES CLOSE BLUE PEN No 41 BLOC WITH STRAP"
586,"MEDICAL DEVICES & HOSPITAL NEEDS","MEDICAL (DOCTOR'S & NURSES) SHOES CLOG & BLOCK","MEDICAL SHOES CLOSE BLUE PEN No 42 BLOC WITH STRAP"
588,"MEDICAL DEVICES & HOSPITAL NEEDS","MEDICAL (DOCTOR'S & NURSES) SHOES CLOG & BLOCK","MEDICAL SHOES CLOSE BLUE PEN No 42 BLOC WITH STRAP"
587,"MEDICAL DEVICES & HOSPITAL NEEDS","MEDICAL (DOCTOR'S & NURSES) SHOES CLOG & BLOCK","MEDICAL SHOES CLOSE BLUE PEN No 43 BLOC WITH STRAP"
589,"MEDICAL DEVICES & HOSPITAL NEEDS","MEDICAL (DOCTOR'S & NURSES) SHOES CLOG & BLOCK","MEDICAL SHOES CLOSE DARK GREEN No 40 BLOC WITH STRAP"
590,"MEDICAL DEVICES & HOSPITAL NEEDS","MEDICAL (DOCTOR'S & NURSES) SHOES CLOG & BLOCK","MEDICAL SHOES CLOSE DARK GREEN No 41 BLOC WITH STRAP"
591,"MEDICAL DEVICES & HOSPITAL NEEDS","MEDICAL (DOCTOR'S & NURSES) SHOES CLOG & BLOCK","MEDICAL SHOES CLOSE DARK GREEN No 42 BLOC WITH STRAP"
592,"MEDICAL DEVICES & HOSPITAL NEEDS","MEDICAL (DOCTOR'S & NURSES) SHOES CLOG & BLOCK","MEDICAL SHOES CLOSE DARK GREEN No 43 BLOC WITH STRAP"
593,"MEDICAL DEVICES & HOSPITAL NEEDS","MEDICAL (DOCTOR'S & NURSES) SHOES CLOG & BLOCK","MEDICAL SHOES CLOSE WHITE No 39 BLOC WITH STRAP"
594,"MEDICAL DEVICES & HOSPITAL NEEDS","MEDICAL (DOCTOR'S & NURSES) SHOES CLOG & BLOCK","MEDICAL SHOES CLOSE WHITE No 40 BLOC WITH STRAP"
595,"MEDICAL DEVICES & HOSPITAL NEEDS","MEDICAL (DOCTOR'S & NURSES) SHOES CLOG & BLOCK","MEDICAL SHOES CLOSE WHITE No 41 BLOC WITH STRAP"
596,"MEDICAL DEVICES & HOSPITAL NEEDS","MEDICAL (DOCTOR'S & NURSES) SHOES CLOG & BLOCK","MEDICAL SHOES CLOSE WHITE No 42 BLOC WITH STRAP"
566,"MEDICAL DEVICES & HOSPITAL NEEDS","MEDICAL DOCTOR'S LAB COAT WHITE WITH BLUE DESIGN LONG SLEEVE","MEDICAL DOCTOR'S WHITE COAT LONG SLEEVE WITH BLUE DESIGN LARGE"
565,"MEDICAL DEVICES & HOSPITAL NEEDS","MEDICAL DOCTOR'S LAB COAT WHITE WITH BLUE DESIGN LONG SLEEVE","MEDICAL DOCTOR'S WHITE COAT LONG SLEEVE WITH BLUE DESIGN MEDIUM"
564,"MEDICAL DEVICES & HOSPITAL NEEDS","MEDICAL DOCTOR'S LAB COAT WHITE WITH BLUE DESIGN LONG SLEEVE","MEDICAL DOCTOR'S WHITE COAT LONG SLEEVE WITH BLUE DESIGN SMALL"
567,"MEDICAL DEVICES & HOSPITAL NEEDS","MEDICAL DOCTOR'S LAB COAT WHITE WITH BLUE DESIGN LONG SLEEVE","MEDICAL DOCTOR'S WHITE COAT LONG SLEEVE WITH BLUE DESIGN X-LARGE"
568,"MEDICAL DEVICES & HOSPITAL NEEDS","MEDICAL DOCTOR'S LAB COAT WHITE WITH BLUE DESIGN LONG SLEEVE","MEDICAL DOCTOR'S WHITE COAT LONG SLEEVE WITH BLUE DESIGN XX-LARGE"
571,"MEDICAL DEVICES & HOSPITAL NEEDS","MEDICAL DOCTOR'S LAB COAT WHITE WITH BLUE DESIGN LONG SLEEVE","WHITE LAB COAT LARGE"
570,"MEDICAL DEVICES & HOSPITAL NEEDS","MEDICAL DOCTOR'S LAB COAT WHITE WITH BLUE DESIGN LONG SLEEVE","WHITE LAB COAT MEDIUM"
569,"MEDICAL DEVICES & HOSPITAL NEEDS","MEDICAL DOCTOR'S LAB COAT WHITE WITH BLUE DESIGN LONG SLEEVE","WHITE LAB COAT SMALL"
572,"MEDICAL DEVICES & HOSPITAL NEEDS","MEDICAL DOCTOR'S LAB COAT WHITE WITH BLUE DESIGN LONG SLEEVE","WHITE LAB COAT X-LARGE"
573,"MEDICAL DEVICES & HOSPITAL NEEDS","MEDICAL DOCTOR'S LAB COAT WHITE WITH BLUE DESIGN LONG SLEEVE","WHITE LAB COAT XX-LARGE"
635,"MEDICAL DEVICES & HOSPITAL NEEDS","MEDICAL MASSAGE SHOES","MASSAGE SANDALS OPEN BLACK-PUPLE WOMEN  N0 39"
636,"MEDICAL DEVICES & HOSPITAL NEEDS","MEDICAL MASSAGE SHOES","MASSAGE SANDALS OPEN BLACK-PUPLE WOMEN  N0 40"
629,"MEDICAL DEVICES & HOSPITAL NEEDS","MEDICAL MASSAGE SHOES","MASSAGE SANDALS OPEN BROWN MEN  N0 42"
630,"MEDICAL DEVICES & HOSPITAL NEEDS","MEDICAL MASSAGE SHOES","MASSAGE SANDALS OPEN BROWN MEN  N0 43"
631,"MEDICAL DEVICES & HOSPITAL NEEDS","MEDICAL MASSAGE SHOES","MASSAGE SANDALS OPEN BROWN MEN  N0 44"
632,"MEDICAL DEVICES & HOSPITAL NEEDS","MEDICAL MASSAGE SHOES","MASSAGE SLIPPERS OPEN BROWN MEN  N0 42"
633,"MEDICAL DEVICES & HOSPITAL NEEDS","MEDICAL MASSAGE SHOES","MASSAGE SLIPPERS OPEN BROWN MEN  N0 43"
634,"MEDICAL DEVICES & HOSPITAL NEEDS","MEDICAL MASSAGE SHOES","MASSAGE SLIPPERS OPEN BROWN MEN  N0 44"
637,"MEDICAL DEVICES & HOSPITAL NEEDS","MEDICAL MASSAGE SHOES","MASSAGE SLIPPERS OPEN BROWN WOMEN  N0 39"
638,"MEDICAL DEVICES & HOSPITAL NEEDS","MEDICAL MASSAGE SHOES","MASSAGE SLIPPERS OPEN BROWN WOMEN  N0 40"
576,"MEDICAL DEVICES & HOSPITAL NEEDS","MEDICAL NURSE'S LAB COAT WHITE STOPPER SLEEVE","NURSE'S WHITE COAT STOPPER SLEEVE WITH BLUE DESIGN LARGE"
575,"MEDICAL DEVICES & HOSPITAL NEEDS","MEDICAL NURSE'S LAB COAT WHITE STOPPER SLEEVE","NURSE'S WHITE COAT STOPPER SLEEVE WITH BLUE DESIGN MEDIUM"
574,"MEDICAL DEVICES & HOSPITAL NEEDS","MEDICAL NURSE'S LAB COAT WHITE STOPPER SLEEVE","NURSE'S WHITE COAT STOPPER SLEEVE WITH BLUE DESIGN SMALL"
577,"MEDICAL DEVICES & HOSPITAL NEEDS","MEDICAL NURSE'S LAB COAT WHITE STOPPER SLEEVE","NURSE'S WHITE COAT STOPPER SLEEVE WITH BLUE DESIGN X-LARGE"
578,"MEDICAL DEVICES & HOSPITAL NEEDS","MEDICAL NURSE'S LAB COAT WHITE STOPPER SLEEVE","NURSE'S WHITE COAT STOPPER SLEEVE WITH BLUE DESIGN XX-LARGE"
556,"MEDICAL DEVICES & HOSPITAL NEEDS","MEDICAL SCRUBS UNIFORM LONG SLEEVE","Dr SCHOLL'S GREEN SCRUB UNIFORM  LARGE"
555,"MEDICAL DEVICES & HOSPITAL NEEDS","MEDICAL SCRUBS UNIFORM LONG SLEEVE","Dr SCHOLL'S GREEN SCRUB UNIFORM  MEDIUM"
554,"MEDICAL DEVICES & HOSPITAL NEEDS","MEDICAL SCRUBS UNIFORM LONG SLEEVE","Dr SCHOLL'S GREEN SCRUB UNIFORM  SMALL"
557,"MEDICAL DEVICES & HOSPITAL NEEDS","MEDICAL SCRUBS UNIFORM LONG SLEEVE","Dr SCHOLL'S GREEN SCRUB UNIFORM  X-LARGE"
558,"MEDICAL DEVICES & HOSPITAL NEEDS","MEDICAL SCRUBS UNIFORM LONG SLEEVE","Dr SCHOLL'S GREEN SCRUB UNIFORM  XX-LARGE"
551,"MEDICAL DEVICES & HOSPITAL NEEDS","MEDICAL SCRUBS UNIFORM LONG SLEEVE","Dr SCHOLL'S NAVY BLUE SCRUB UNIFORM  LARGE"
550,"MEDICAL DEVICES & HOSPITAL NEEDS","MEDICAL SCRUBS UNIFORM LONG SLEEVE","Dr SCHOLL'S NAVY BLUE SCRUB UNIFORM  MEDIUM"
549,"MEDICAL DEVICES & HOSPITAL NEEDS","MEDICAL SCRUBS UNIFORM LONG SLEEVE","Dr SCHOLL'S NAVY BLUE SCRUB UNIFORM  SMALL"
552,"MEDICAL DEVICES & HOSPITAL NEEDS","MEDICAL SCRUBS UNIFORM LONG SLEEVE","Dr SCHOLL'S NAVY BLUE SCRUB UNIFORM  X-LARGE"
553,"MEDICAL DEVICES & HOSPITAL NEEDS","MEDICAL SCRUBS UNIFORM LONG SLEEVE","Dr SCHOLL'S NAVY BLUE SCRUB UNIFORM  XX-LARGE"
561,"MEDICAL DEVICES & HOSPITAL NEEDS","MEDICAL SCRUBS UNIFORM LONG SLEEVE","Dr. SCHOOL'S PURPLE SCRUB UNIFORM LARGE"
560,"MEDICAL DEVICES & HOSPITAL NEEDS","MEDICAL SCRUBS UNIFORM LONG SLEEVE","Dr. SCHOOL'S PURPLE SCRUB UNIFORM MEDIUM"
559,"MEDICAL DEVICES & HOSPITAL NEEDS","MEDICAL SCRUBS UNIFORM LONG SLEEVE","Dr. SCHOOL'S PURPLE SCRUB UNIFORM SMALL"
562,"MEDICAL DEVICES & HOSPITAL NEEDS","MEDICAL SCRUBS UNIFORM LONG SLEEVE","Dr. SCHOOL'S PURPLE SCRUB UNIFORM X-LARGE"
563,"MEDICAL DEVICES & HOSPITAL NEEDS","MEDICAL SCRUBS UNIFORM LONG SLEEVE","Dr. SCHOOL'S PURPLE SCRUB UNIFORM XX-LARGE"
532,"MEDICAL DEVICES & HOSPITAL NEEDS","MEDICAL SCRUBS UNIFORM SHORT SLEEVE","Dr. SCHOOL'S BLUE SCRUB UNIFORM LARGE"
531,"MEDICAL DEVICES & HOSPITAL NEEDS","MEDICAL SCRUBS UNIFORM SHORT SLEEVE","Dr. SCHOOL'S BLUE SCRUB UNIFORM MEDIUM"
530,"MEDICAL DEVICES & HOSPITAL NEEDS","MEDICAL SCRUBS UNIFORM SHORT SLEEVE","Dr. SCHOOL'S BLUE SCRUB UNIFORM SMALL"
533,"MEDICAL DEVICES & HOSPITAL NEEDS","MEDICAL SCRUBS UNIFORM SHORT SLEEVE","Dr. SCHOOL'S BLUE SCRUB UNIFORM X-LARGE"
534,"MEDICAL DEVICES & HOSPITAL NEEDS","MEDICAL SCRUBS UNIFORM SHORT SLEEVE","Dr. SCHOOL'S BLUE SCRUB UNIFORM XX-LARGE"
527,"MEDICAL DEVICES & HOSPITAL NEEDS","MEDICAL SCRUBS UNIFORM SHORT SLEEVE","Dr. SCHOOL'S GREEN SCRUB UNIFORM LARGE"
526,"MEDICAL DEVICES & HOSPITAL NEEDS","MEDICAL SCRUBS UNIFORM SHORT SLEEVE","Dr. SCHOOL'S GREEN SCRUB UNIFORM MEDIUM"
525,"MEDICAL DEVICES & HOSPITAL NEEDS","MEDICAL SCRUBS UNIFORM SHORT SLEEVE","Dr. SCHOOL'S GREEN SCRUB UNIFORM SMALL"
528,"MEDICAL DEVICES & HOSPITAL NEEDS","MEDICAL SCRUBS UNIFORM SHORT SLEEVE","Dr. SCHOOL'S GREEN SCRUB UNIFORM X-LARGE"
529,"MEDICAL DEVICES & HOSPITAL NEEDS","MEDICAL SCRUBS UNIFORM SHORT SLEEVE","Dr. SCHOOL'S GREEN SCRUB UNIFORM XX-LARGE"
542,"MEDICAL DEVICES & HOSPITAL NEEDS","MEDICAL SCRUBS UNIFORM SHORT SLEEVE","Dr. SCHOOL'S MARRON SCRUB UNIFORM LARGE"
541,"MEDICAL DEVICES & HOSPITAL NEEDS","MEDICAL SCRUBS UNIFORM SHORT SLEEVE","Dr. SCHOOL'S MARRON SCRUB UNIFORM MEDIUM"
540,"MEDICAL DEVICES & HOSPITAL NEEDS","MEDICAL SCRUBS UNIFORM SHORT SLEEVE","Dr. SCHOOL'S MARRON SCRUB UNIFORM SMALL"
543,"MEDICAL DEVICES & HOSPITAL NEEDS","MEDICAL SCRUBS UNIFORM SHORT SLEEVE","Dr. SCHOOL'S MARRON SCRUB UNIFORM X-LARGE"
544,"MEDICAL DEVICES & HOSPITAL NEEDS","MEDICAL SCRUBS UNIFORM SHORT SLEEVE","Dr. SCHOOL'S MARRON SCRUB UNIFORM XX-LARGE"
537,"MEDICAL DEVICES & HOSPITAL NEEDS","MEDICAL SCRUBS UNIFORM SHORT SLEEVE","Dr. SCHOOL'S PURPLE SCRUB UNIFORM LARGE"
536,"MEDICAL DEVICES & HOSPITAL NEEDS","MEDICAL SCRUBS UNIFORM SHORT SLEEVE","Dr. SCHOOL'S PURPLE SCRUB UNIFORM MEDIUM"
535,"MEDICAL DEVICES & HOSPITAL NEEDS","MEDICAL SCRUBS UNIFORM SHORT SLEEVE","Dr. SCHOOL'S PURPLE SCRUB UNIFORM SMALL"
538,"MEDICAL DEVICES & HOSPITAL NEEDS","MEDICAL SCRUBS UNIFORM SHORT SLEEVE","Dr. SCHOOL'S PURPLE SCRUB UNIFORM X-LARGE"
539,"MEDICAL DEVICES & HOSPITAL NEEDS","MEDICAL SCRUBS UNIFORM SHORT SLEEVE","Dr. SCHOOL'S PURPLE SCRUB UNIFORM XX-LARGE"
545,"MEDICAL DEVICES & HOSPITAL NEEDS","MEDICAL SCRUBS UNIFORM SHORT SLEEVE","SCRUB JACKET +TROUSER DARK RED SMALL"
546,"MEDICAL DEVICES & HOSPITAL NEEDS","MEDICAL SCRUBS UNIFORM SHORT SLEEVE","SCRUB JACKET +TROUSER DARK RED XX-LARGE"
548,"MEDICAL DEVICES & HOSPITAL NEEDS","MEDICAL SCRUBS UNIFORM SHORT SLEEVE","SCRUB JACKET +TROUSER WHITE MEDIUM"
547,"MEDICAL DEVICES & HOSPITAL NEEDS","MEDICAL SCRUBS UNIFORM SHORT SLEEVE","SCRUB JACKET +TROUSER WHITE SMALL"
645,"MEDICAL DEVICES & HOSPITAL NEEDS","OTHER MEDICAL DEVICES & PARAPHARMACEUTICALS","BABY HALER DEVICES"
646,"MEDICAL DEVICES & HOSPITAL NEEDS","OTHER MEDICAL DEVICES & PARAPHARMACEUTICALS","DIGITAL THERMOMETTERS"
640,"MEDICAL DEVICES & HOSPITAL NEEDS","OTHER MEDICAL DEVICES & PARAPHARMACEUTICALS","INDUSTRIES HEAD COVER HAT"
644,"MEDICAL DEVICES & HOSPITAL NEEDS","OTHER MEDICAL DEVICES & PARAPHARMACEUTICALS","MASSAGE BALLS"
643,"MEDICAL DEVICES & HOSPITAL NEEDS","OTHER MEDICAL DEVICES & PARAPHARMACEUTICALS","MASSAGE GUNS"
641,"MEDICAL DEVICES & HOSPITAL NEEDS","OTHER MEDICAL DEVICES & PARAPHARMACEUTICALS","MOUTH COVER KN95 INDUSTRIAL WHITE"
642,"MEDICAL DEVICES & HOSPITAL NEEDS","OTHER MEDICAL DEVICES & PARAPHARMACEUTICALS","MOUTH COVER MEDICAL USE BLUE-WHITE"
647,"MEDICAL DEVICES & HOSPITAL NEEDS","OTHER MEDICAL DEVICES & PARAPHARMACEUTICALS","STETOSCOPE"
639,"MEDICAL DEVICES & HOSPITAL NEEDS","OTHER MEDICAL DEVICES & PARAPHARMACEUTICALS","SURGEON'S HEAD COVER HAT"
648,"MEDICAL DEVICES & HOSPITAL NEEDS","OTHER MEDICAL DEVICES & PARAPHARMACEUTICALS","TENSIOMETRE"
869,"MEDICATED FLAGRANCE & PARFUMS & ROLL-ONS","MEDICATED FLAGRANCE & PARFUMS & ROLL-ONS","Degree Men Clean Clinical Antiperspirant Deodorant 1.7 oz"
870,"MEDICATED FLAGRANCE & PARFUMS & ROLL-ONS","MEDICATED FLAGRANCE & PARFUMS & ROLL-ONS","Degree Men UltraClear+ Antiperspirant Deodorant, Black & White, 2.7 oz, 3-Count"
871,"MEDICATED FLAGRANCE & PARFUMS & ROLL-ONS","MEDICATED FLAGRANCE & PARFUMS & ROLL-ONS","Degree Whole Body Deodorant Stick, + Absorbs Sweat, Aluminum Free 72H"
868,"MEDICATED FLAGRANCE & PARFUMS & ROLL-ONS","MEDICATED FLAGRANCE & PARFUMS & ROLL-ONS","Degree women Clinical P 5-in-1 Antiperspirant 1.70 oz"
865,"MEDICATED FLAGRANCE & PARFUMS & ROLL-ONS","MEDICATED FLAGRANCE & PARFUMS & ROLL-ONS","Dove 0% Aluminum Deodorant 24 Hour Odour Protection Safe for Sensitive Skin 74 G"
873,"MEDICATED FLAGRANCE & PARFUMS & ROLL-ONS","MEDICATED FLAGRANCE & PARFUMS & ROLL-ONS","SECRET ALUMINIUM FREE 48H, PH BALANCED CHERRY & BLOSSOM"
872,"MEDICATED FLAGRANCE & PARFUMS & ROLL-ONS","MEDICATED FLAGRANCE & PARFUMS & ROLL-ONS","SECRET ALUMINIUM FREE 48H, PH BALANCED LEVENDER"
866,"MEDICATED FLAGRANCE & PARFUMS & ROLL-ONS","MEDICATED FLAGRANCE & PARFUMS & ROLL-ONS","SECRET ALUMINIUM FREE 72H CLINICALLY PROVEN  WOMEN"
867,"MEDICATED FLAGRANCE & PARFUMS & ROLL-ONS","MEDICATED FLAGRANCE & PARFUMS & ROLL-ONS","Suave Men Aluminum-Free Deodorant ocean charge 48h, 76g"
352,"MOTHER & LADY RANGE","FEMININE INTIMATE CARE TOILETRIES","Always pantyliner Long 16'"
353,"MOTHER & LADY RANGE","FEMININE INTIMATE CARE TOILETRIES","Always pantyliner Long 54'"
357,"MOTHER & LADY RANGE","FEMININE INTIMATE CARE TOILETRIES","BETADINE  ANTI-BACTERIAL INTIMATE WASH  200ML"
361,"MOTHER & LADY RANGE","FEMININE INTIMATE CARE TOILETRIES","BETADINE  ANTI-BACTERIAL INTIMATE WIPES  10/PACK"
355,"MOTHER & LADY RANGE","FEMININE INTIMATE CARE TOILETRIES","BETADINE INTIMATE WASH PH BALANCED  200ML"
359,"MOTHER & LADY RANGE","FEMININE INTIMATE CARE TOILETRIES","BETADINE INTIMATE WIPES PH BALANCED  10/PACK"
368,"MOTHER & LADY RANGE","FEMININE INTIMATE CARE TOILETRIES","INTIMATE CARE VAGINAL WASH 400ML"
364,"MOTHER & LADY RANGE","FEMININE INTIMATE CARE TOILETRIES","KOTEX PROTÉGÉ B/100"
365,"MOTHER & LADY RANGE","FEMININE INTIMATE CARE TOILETRIES","KOTEX PROTÉGÉ B/20"
367,"MOTHER & LADY RANGE","FEMININE INTIMATE CARE TOILETRIES","NAOMI PADS"
351,"MOTHER & LADY RANGE","FEMININE INTIMATE CARE TOILETRIES","V wash pantyliner long 30'"
350,"MOTHER & LADY RANGE","FEMININE INTIMATE CARE TOILETRIES","V wash pantyliner long 50'"
363,"MOTHER & LADY RANGE","FEMININE INTIMATE CARE TOILETRIES","VAGISIL INTIMATE WASH 250ML PH BALANCE"
362,"MOTHER & LADY RANGE","FEMININE INTIMATE CARE TOILETRIES","VAGISIL INTIMATE WASH 250ML ULTRAFRESH"
315,"MOTHER & LADY RANGE","PREGNANT & BREASTFIDING MOTHER","BABE SILCONE NIPPLE SHIELD"
326,"MOTHER & LADY RANGE","PREGNANT & BREASTFIDING MOTHER","BAODA BREAST PADS"
309,"MOTHER & LADY RANGE","PREGNANT & BREASTFIDING MOTHER","BAODA BREAST PADS 60 PACK"
314,"MOTHER & LADY RANGE","PREGNANT & BREASTFIDING MOTHER","BAODA ELECTRIC BREAST PUMP"
313,"MOTHER & LADY RANGE","PREGNANT & BREASTFIDING MOTHER","BAODA MANUAL BREAST PUMP"
320,"MOTHER & LADY RANGE","PREGNANT & BREASTFIDING MOTHER","CHICCO BREAST PADS B/30"
319,"MOTHER & LADY RANGE","PREGNANT & BREASTFIDING MOTHER","CHICCO NIPLE CREAM"
318,"MOTHER & LADY RANGE","PREGNANT & BREASTFIDING MOTHER","CHICCO NIPLE SHIELD"
324,"MOTHER & LADY RANGE","PREGNANT & BREASTFIDING MOTHER","CONCEIVE PLUS PRENATAL FORMULA"
325,"MOTHER & LADY RANGE","PREGNANT & BREASTFIDING MOTHER","CONCEIVE PLUS WOMEN SUPPORT BIRTH CONTROL DETOX"
322,"MOTHER & LADY RANGE","PREGNANT & BREASTFIDING MOTHER","CONCEIVE PLUS WOMEN'S FERTILITY SUPPORT"
323,"MOTHER & LADY RANGE","PREGNANT & BREASTFIDING MOTHER","CONCEIVE PLUS WOMEN'S OVULATION SUPPORT"
327,"MOTHER & LADY RANGE","PREGNANT & BREASTFIDING MOTHER","ONLY BABY BREAST PADS"
310,"MOTHER & LADY RANGE","PREGNANT & BREASTFIDING MOTHER","ONLY BABY BREAST PADS 30 PACK"
311,"MOTHER & LADY RANGE","PREGNANT & BREASTFIDING MOTHER","ONLY BABY BREAST PADS 60 PACK"
312,"MOTHER & LADY RANGE","PREGNANT & BREASTFIDING MOTHER","ONLY BABY BREAST PUMP"
316,"MOTHER & LADY RANGE","PREGNANT & BREASTFIDING MOTHER","TOMMEE TIPPE BREAST PADS B/40"
808,"ORAL CARE & ACCESSORIES","MOUTHSPRAY","LISTERINE MOUTH SPRAY COOLMINT 10ML"
807,"ORAL CARE & ACCESSORIES","MOUTHSPRAY","LISTERINE MOUTH SPRAY FRESHBURST 10ML"
809,"ORAL CARE & ACCESSORIES","MOUTHSPRAY","WISDOM FRESH EFFECT MINT SPRAY 30ML"
798,"ORAL CARE & ACCESSORIES","MOUTHWASH","LISTERINE COOL MINT *5"
799,"ORAL CARE & ACCESSORIES","MOUTHWASH","LISTERINE TOTAL CARE GREEN"
797,"ORAL CARE & ACCESSORIES","MOUTHWASH","LISTERINE TOTAL CARE TEETH AND GUM*5"
796,"ORAL CARE & ACCESSORIES","MOUTHWASH","ORAL-B 3DWHITE PERFECTION ALCOOL FREE 500ML"
795,"ORAL CARE & ACCESSORIES","MOUTHWASH","ORAL-B PRO-EXPERT PROFESSIONAL PROTECTION 500ML"
794,"ORAL CARE & ACCESSORIES","MOUTHWASH","WASDOM STEP BY STEP FLUORIDE MOUTHWASH 6+"
788,"ORAL CARE & ACCESSORIES","MOUTHWASH","WISDOM ACTIVE WHITENING CHARCOAL MOUTHWASH 500ML"
792,"ORAL CARE & ACCESSORIES","MOUTHWASH","WISDOM CHLORHEXIDINE ANTIBACTERIAL 300ML"
793,"ORAL CARE & ACCESSORIES","MOUTHWASH","WISDOM FRESH CLEAN COOLMINT MOUTH WASH 500ML"
789,"ORAL CARE & ACCESSORIES","MOUTHWASH","WISDOM ORTHO CLREAN MOUTH WASH 500ML"
790,"ORAL CARE & ACCESSORIES","MOUTHWASH","WISDOM SMOKERS ANTI-STAIN MOUTHWASH 500ML"
791,"ORAL CARE & ACCESSORIES","MOUTHWASH","WISDOM TOTAL CARE FRESH EFFECT MOUTH WASH 500ML"
787,"ORAL CARE & ACCESSORIES","MOUTHWASH","listerine KIDS mouthwash 250ml"
703,"ORAL CARE & ACCESSORIES","ORAL CARE & ACCESSORIES","ARM&HAMMER SENSITIVE TOOTHPASTE 75ML"
717,"ORAL CARE & ACCESSORIES","ORAL CARE & ACCESSORIES","ORAL B ADULT TOOTHBRUSH B/4 BLACK"
714,"ORAL CARE & ACCESSORIES","ORAL CARE & ACCESSORIES","ORAL-B  PRO-EXPERT TOOTHPSTE 75ML"
718,"ORAL CARE & ACCESSORIES","ORAL CARE & ACCESSORIES","ORTHOCLEAN TOOTH PASTE (DOMAGE)"
728,"ORAL CARE & ACCESSORIES","ORAL CARE & ACCESSORIES","PARADONTAX GENSIVE WHITENING TOOTH PASTE"
724,"ORAL CARE & ACCESSORIES","ORAL CARE & ACCESSORIES","SENSODYNE COMPLETE &COOL MINT TOOTH PASTE"
721,"ORAL CARE & ACCESSORIES","ORAL CARE & ACCESSORIES","SENSODYNE SINGLE TOOTH BRUSH DOMAGED"
715,"ORAL CARE & ACCESSORIES","ORAL CARE & ACCESSORIES","SENSODYNE SOFT SINGLE TOOTHBRUSH"
722,"ORAL CARE & ACCESSORIES","ORAL CARE & ACCESSORIES","SENSODYNE TOOTH PASTE GENSIVE"
702,"ORAL CARE & ACCESSORIES","ORAL CARE & ACCESSORIES","Sensodyne 75ml pronamel whitening toothpaste"
700,"ORAL CARE & ACCESSORIES","ORAL CARE & ACCESSORIES","TOOTHPASTE ,TOOTHBRUSH AND FLOSS"
719,"ORAL CARE & ACCESSORIES","ORAL CARE & ACCESSORIES","WHITENING ADVANCED TOOTH PASTE"
720,"ORAL CARE & ACCESSORIES","ORAL CARE & ACCESSORIES","WHITENING ADVANCED TOOTH PASTE (DOMAGE)"
704,"ORAL CARE & ACCESSORIES","ORAL CARE & ACCESSORIES","WISDOM ORTHO CLREAN TOOTHPASTE 100ML"
707,"ORAL CARE & ACCESSORIES","ORAL CARE & ACCESSORIES","WISDOM SENSITIVE WHITENING TOOTHPASTE 100ML"
705,"ORAL CARE & ACCESSORIES","ORAL CARE & ACCESSORIES","WISDOM SMOKERS TOOTHPASTE 100ML"
708,"ORAL CARE & ACCESSORIES","ORAL CARE & ACCESSORIES","WISDOM STEP BY STEP TOOTHPASTE (0-3) YEARS"
709,"ORAL CARE & ACCESSORIES","ORAL CARE & ACCESSORIES","WISDOM STEP BY STEP TOOTHPASTE (4+) YEARS"
811,"ORAL CARE & ACCESSORIES","TOOTHBRUSH & FLOSS","CONCORDE ADULT TOOTH BRUSH WITH FLOSS MEDIUM"
810,"ORAL CARE & ACCESSORIES","TOOTHBRUSH & FLOSS","CONCORDE ADULT TOOTH BRUSH WITH FLOSS SOFT"
813,"ORAL CARE & ACCESSORIES","TOOTHBRUSH & FLOSS","CONCORDE ADULT TOOTH BRUSH WITH FLOSS ULT SOFT"
812,"ORAL CARE & ACCESSORIES","TOOTHBRUSH & FLOSS","CONCORDE ADULT TOOTHBRUSH WITH FLOSS HARD"
845,"ORAL CARE & ACCESSORIES","TOOTHBRUSH & FLOSS","DENT.ASK EXTRA MEDIUM REPLACEMENT"
843,"ORAL CARE & ACCESSORIES","TOOTHBRUSH & FLOSS","DENT.ASK PLUS FIT REPLACEMENT"
844,"ORAL CARE & ACCESSORIES","TOOTHBRUSH & FLOSS","DENT.TOTAL FLOS  REPLACEMENT"
847,"ORAL CARE & ACCESSORIES","TOOTHBRUSH & FLOSS","KRUIDVANT FIL DENTAL"
821,"ORAL CARE & ACCESSORIES","TOOTHBRUSH & FLOSS","ORAL B BABY TOOTH BRUSH 0-2Y+, (SINGLE PACK/ 1)"
822,"ORAL CARE & ACCESSORIES","TOOTHBRUSH & FLOSS","ORAL B CAVITY DEFENSE TOOTHBRUSH B/4"
851,"ORAL CARE & ACCESSORIES","TOOTHBRUSH & FLOSS","ORAL B ESSENTIAL FLOSS 50M WAXED"
818,"ORAL CARE & ACCESSORIES","TOOTHBRUSH & FLOSS","ORAL B KID TOOTH BRUSH 2Y+ (TRIPLE PACK /3)"
820,"ORAL CARE & ACCESSORIES","TOOTHBRUSH & FLOSS","ORAL B KID TOOTH BRUSH 3Y+ (TRIPLE PACK /3)"
852,"ORAL CARE & ACCESSORIES","TOOTHBRUSH & FLOSS","ORAL B TOOTH BRUSH B/3"
854,"ORAL CARE & ACCESSORIES","TOOTHBRUSH & FLOSS","ORAL B TOOTH BRUSH B/3 ALL ROUND"
846,"ORAL CARE & ACCESSORIES","TOOTHBRUSH & FLOSS","ORAL-B ADULT REPLACEMENT"
850,"ORAL CARE & ACCESSORIES","TOOTHBRUSH & FLOSS","ORAL-B TOOTH BRUSH B/4"
830,"ORAL CARE & ACCESSORIES","TOOTHBRUSH & FLOSS","ORTHO CLEAN TOOTHBRUSH"
817,"ORAL CARE & ACCESSORIES","TOOTHBRUSH & FLOSS","SENSODYNE SINGLE TOOTH  BRUSH (SINGLE PACK/1)"
816,"ORAL CARE & ACCESSORIES","TOOTHBRUSH & FLOSS","SENSODYNE TOOTH BRUSH B/3"
823,"ORAL CARE & ACCESSORIES","TOOTHBRUSH & FLOSS","SIGNAL KID TOOTH BRUSH 3-8Y+"
856,"ORAL CARE & ACCESSORIES","TOOTHBRUSH & FLOSS","TARGET DENTAL FLOSS BLACK B/25"
855,"ORAL CARE & ACCESSORIES","TOOTHBRUSH & FLOSS","TARGET DENTAL FLOSS WHITE B/25"
840,"ORAL CARE & ACCESSORIES","TOOTHBRUSH & FLOSS","WISDOM ACTIVE WHITENING CHARCOAL  FLOSS HARPS*30"
832,"ORAL CARE & ACCESSORIES","TOOTHBRUSH & FLOSS","WISDOM ACTIVE WHITENING CHARCOAL FLOSS 50M"
833,"ORAL CARE & ACCESSORIES","TOOTHBRUSH & FLOSS","WISDOM CLEAN BETWEEN FLOSSER WHITE 30'S"
849,"ORAL CARE & ACCESSORIES","TOOTHBRUSH & FLOSS","WISDOM DENTURE BRUSH"
848,"ORAL CARE & ACCESSORIES","TOOTHBRUSH & FLOSS","WISDOM INTERSPACE BRUSH"
836,"ORAL CARE & ACCESSORIES","TOOTHBRUSH & FLOSS","WISDOM KID SOFT START TOOTHBRUSH 3+ TWIN PACK"
831,"ORAL CARE & ACCESSORIES","TOOTHBRUSH & FLOSS","WISDOM NEW FLOSS HARPS*30"
837,"ORAL CARE & ACCESSORIES","TOOTHBRUSH & FLOSS","WISDOM STEP BY STEP TOOTHBRUSH 0-2 YYRS"
838,"ORAL CARE & ACCESSORIES","TOOTHBRUSH & FLOSS","WISDOM STEP BY STEP TOOTHBRUSH 3-5 YYRS"
839,"ORAL CARE & ACCESSORIES","TOOTHBRUSH & FLOSS","WISDOM STEP BY STEP TOOTHBRUSH 6-8 YYRS"
834,"ORAL CARE & ACCESSORIES","TOOTHBRUSH & FLOSS","WISDOM XTRA CLEAN MEDIUM TWIN PACK TOOTHBRUSH"
841,"ORAL CARE & ACCESSORIES","TOOTHBRUSH & FLOSS","WISDOM XTRA CLEAN MEDIUM TWIN PACK TOOTHBRUSH"
826,"ORAL CARE & ACCESSORIES","TOOTHBRUSH & FLOSS","oral b 1-2-3 toothbrush classic twin"
829,"ORAL CARE & ACCESSORIES","TOOTHBRUSH & FLOSS","oral b essential floss 50m unwaxed"
977,"OTCs","OVER THE COUNTER MEDICINES AND TOPICAL","VICKS INHALER"
515,"PERSONAL CARE & HYGIENICS","PERSONAL CARE & HYGIENICS","BEPANTHENE LIQUID SOAP 400ML"
509,"PERSONAL CARE & HYGIENICS","PERSONAL CARE & HYGIENICS","BIC TWIN LADY RAZOR"
496,"PERSONAL CARE & HYGIENICS","PERSONAL CARE & HYGIENICS","COCORDE NAIL CLIPPER SINGLE"
506,"PERSONAL CARE & HYGIENICS","PERSONAL CARE & HYGIENICS","CONCORD NAIL KIT"
493,"PERSONAL CARE & HYGIENICS","PERSONAL CARE & HYGIENICS","CONCORDE BABY NAIL CLIPPER SET"
494,"PERSONAL CARE & HYGIENICS","PERSONAL CARE & HYGIENICS","CONCORDE ESSENTIAL GROOMING KIT FOR MEN"
495,"PERSONAL CARE & HYGIENICS","PERSONAL CARE & HYGIENICS","CONCORDE NAIL CLIPPER  PAIR"
505,"PERSONAL CARE & HYGIENICS","PERSONAL CARE & HYGIENICS","ELEGANT TOUCH NAIL CLIPPERS"
508,"PERSONAL CARE & HYGIENICS","PERSONAL CARE & HYGIENICS","SMOOTH RAZOR BLADE WITH REPLACEMENT WOMEN"
510,"PERSONAL CARE & HYGIENICS","PERSONAL CARE & HYGIENICS","TARGET COTTON SWABS ADULT B/200"
514,"PERSONAL CARE & HYGIENICS","PERSONAL CARE & HYGIENICS","TARGET COTTON SWABS B/100 PINK"
512,"PERSONAL CARE & HYGIENICS","PERSONAL CARE & HYGIENICS","TARGET TIGE COTTON B/100 BLUE"
513,"PERSONAL CARE & HYGIENICS","PERSONAL CARE & HYGIENICS","TARGET TIGE COTTON B/100 GREEN"
511,"PERSONAL CARE & HYGIENICS","PERSONAL CARE & HYGIENICS","TARGET TIGE COTTON B/100 WHITE"
504,"PERSONAL CARE & HYGIENICS","PERSONAL CARE & HYGIENICS","VELVEX TISSUE B/200"
503,"PERSONAL CARE & HYGIENICS","PERSONAL CARE & HYGIENICS","VELVEX TISSUE B/80"
686,"SEXUAL HEALTH & ACCESSORIES PRODUCTS","SEXUAL HEALTH & ACCESSORIES PRODUCTS","DUREX B/10 EXTRA-THIN"
694,"SEXUAL HEALTH & ACCESSORIES PRODUCTS","SEXUAL HEALTH & ACCESSORIES PRODUCTS","DUREX LUBRICANT CHERRY 50ML"
692,"SEXUAL HEALTH & ACCESSORIES PRODUCTS","SEXUAL HEALTH & ACCESSORIES PRODUCTS","DUREX LUBRICANT CLASSIC BLUE 50ML"
698,"SEXUAL HEALTH & ACCESSORIES PRODUCTS","SEXUAL HEALTH & ACCESSORIES PRODUCTS","DUREX LUBRICANT INTENSE"
693,"SEXUAL HEALTH & ACCESSORIES PRODUCTS","SEXUAL HEALTH & ACCESSORIES PRODUCTS","DUREX LUBRICANT STRAWBERRY 50ML"